,i,j,zscore
5712,35,42,0.977654097863734
5392,33,46,0.9688788708176551
6036,37,42,0.9636839556437096
5068,31,46,0.962749895641741
5714,35,44,0.9626359517309296
6199,38,43,0.9580347914280164
18951,116,159,0.9522586558283996
17933,110,113,0.950293107377109
5390,33,44,0.9422849459684747
4269,26,57,0.9312855539450122
5877,36,45,0.9266167596132594
18918,116,126,0.8828879103387768
5553,34,45,0.8800899708989446
23314,143,148,0.8754034436487959
5875,36,43,0.8568443295995584
18629,114,161,0.8546141672497646
19275,118,159,0.8518927288449101
18788,115,158,0.8512494414462394
18757,115,127,0.8475101354821911
5555,34,47,0.8474931901670413
18594,114,126,0.847077454556386
20714,127,140,0.8464663779073316
5070,31,48,0.8411475454487441
6201,38,45,0.8344377993348628
15162,93,96,0.8319597818387985
19401,119,123,0.8311969977948939
5233,32,49,0.8271720098420579
21682,133,136,0.8265588225798023
6197,38,41,0.8148907514853163
219,1,57,0.800509234466449
19079,117,125,0.7997720348329685
18953,116,161,0.792051081082542
18466,113,160,0.790298188039232
18596,114,128,0.7720793157153457
19435,119,157,0.7642527923244812
24943,153,157,0.7602184192877731
21036,129,138,0.7573984942179229
17980,110,160,0.7487572218052457
6034,37,40,0.734214557728384
19081,117,127,0.7341621792965692
413,2,89,0.7285227497512685
1312,8,16,0.7210756409798289
14673,90,93,0.7183362596274582
19107,117,153,0.7158719374313957
20394,125,144,0.7155445506532919
22511,138,155,0.7145642656790273
21358,131,136,0.7118304956138904
1959,12,15,0.706392814307703
18113,111,131,0.7056744964493892
14511,89,93,0.7010008771643013
17771,109,113,0.6978996626551314
15325,94,97,0.6974308613363954
22990,141,148,0.6956082347690865
5231,32,47,0.695097557566407
21361,131,139,0.6945429916649556
18759,115,129,0.6924317501555791
14185,87,91,0.6918362170727387
1026,6,54,0.6870248295417855
410,2,86,0.6859325290354166
17787,109,129,0.6839744025932906
15163,93,97,0.6827805010413774
17816,109,158,0.6762764576127375
18114,111,132,0.676106099870658
3267,20,27,0.6741794663118512
2135,13,29,0.6740886589808657
2783,17,29,0.6736952603024717
14510,89,92,0.6714481077560536
9620,59,62,0.6655469035030354
19273,118,157,0.6644020684705262
4591,28,55,0.6635228872811648
1308,8,12,0.6558486765090641
221,1,59,0.6505114275757011
2775,17,21,0.6457871184197577
19563,120,123,0.6456762830509845
16303,100,103,0.6451286215035406
1309,8,13,0.6440907139023906
2781,17,27,0.6387451551678376
543,3,57,0.6380701531903029
6361,39,43,0.6377994620277943
6037,37,43,0.6354064690117982
20877,128,141,0.6351542327176074
21522,132,138,0.6346109691706303
18111,111,129,0.6341575186645839
21359,131,137,0.6264616508394761
21199,130,139,0.626246560742676
2938,18,22,0.6204041866956647
25105,154,157,0.6193953262577534
20573,126,161,0.619281535956267
21210,130,150,0.6152837110370335
4746,29,48,0.6130180015621778
22514,138,158,0.6107306828074903
21683,133,137,0.6090165180228798
14186,87,92,0.6086352143279056
19112,117,158,0.6080469688459846
5551,34,43,0.6058088785293549
21201,130,141,0.6008047916584548
4632,28,96,0.6003681991371028
2285,14,17,0.6003373193856385
4635,28,99,0.5981628167843208
18274,112,130,0.5977678151100828
5552,34,44,0.5976870058771107
23155,142,151,0.5961476544584863
21038,129,140,0.5947396880523019
20716,127,142,0.5916062052799778
18916,116,124,0.5914949343507376
20555,126,143,0.5899725807717769
23475,144,147,0.5885220894562416
14347,88,91,0.5863644440969081
18435,113,129,0.5820624019850369
6035,37,41,0.5816280804238229
17773,109,115,0.579878709403707
24944,153,158,0.5796439811774383
1470,9,12,0.5785146155857022
17818,109,160,0.5699508733674684
22833,140,153,0.5698734028274067
15651,96,99,0.5637940766507653
22670,139,152,0.5630188468465067
18112,111,130,0.5609773855661041
2448,15,18,0.5609707017396554
14836,91,94,0.5608061890525201
1028,6,56,0.5606825965257274
18272,112,128,0.5532498301590707
541,3,55,0.5511296410256808
3265,20,25,0.5459160873118121
9459,58,63,0.5377556925729167
19076,117,122,0.5361393551081235
2937,18,21,0.5357892770565472
14674,90,94,0.5354070643328979
15326,94,98,0.5350037138066821
734,4,86,0.5347804204674527
19917,122,153,0.5323816104257705
1210,7,76,0.5319093998373946
15815,97,101,0.5314255694576369
4752,29,54,0.5313904892785039
22838,140,158,0.5258185204656886
888,5,78,0.5255728705920388
19239,118,123,0.5248217430713038
3100,19,22,0.5242534936596408
3429,21,27,0.5236324702183897
4428,27,54,0.5224622616816976
21030,129,132,0.5193832199680081
10435,64,67,0.5188786068608325
20392,125,142,0.5153784929757305
1186,7,52,0.5153668859601648
5557,34,49,0.5150018053820788
2286,14,18,0.5149318174187179
9783,60,63,0.5136978508745694
5229,32,45,0.5136745501908724
19074,117,120,0.5131988910246228
5554,34,46,0.5125553256578527
19915,122,151,0.5122236979742234
21539,132,155,0.5099454444326229
15814,97,100,0.5072124854533053
19240,118,124,0.5070968580628769
5713,35,43,0.5063810347529314
382,2,58,0.5062352422067729
9461,58,65,0.5061290648077135
21685,133,139,0.5050640198709714
384,2,60,0.5026906046687122
381,2,57,0.5018639095140975
5879,36,47,0.5013830408683151
2646,16,54,0.49532884585752956
1209,7,75,0.49463273576961736
4430,27,56,0.493203548719258
5873,36,41,0.491960207815236
3426,21,24,0.49082736537382354
11093,68,77,0.4903497109636469
18790,115,160,0.49007735349607223
5230,32,46,0.48975849533154275
20879,128,143,0.4896399688701686
22831,140,151,0.4888990197762374
19908,122,144,0.4867200659847735
1049,6,77,0.4863275192345406
23477,144,149,0.4847703005249388
22992,141,150,0.4841548993189828
14189,87,95,0.48312509985357305
13045,80,85,0.47978313365128883
5715,35,45,0.4787139692430607
865,5,55,0.4754218936810745
17790,109,132,0.475021344947343
22668,139,150,0.47411709533922713
9323,57,89,0.4734435255637014
15000,92,96,0.47268505099886154
12391,76,79,0.4709872774179026
6038,37,44,0.4709160684871702
19272,118,156,0.470786375394753
5391,33,45,0.46829115510143665
1672,10,52,0.46732028553306504
5876,36,44,0.4670808916728738
17813,109,155,0.46509587930040164
23312,143,146,0.4647481582672316
4908,30,48,0.46349941238580517
4308,26,96,0.4632304656001919
4106,25,56,0.4626849680350648
17656,108,160,0.46197415749753146
6198,38,42,0.4618635479390548
2154,13,48,0.4602868191948211
18273,112,129,0.4579947575899515
19597,120,157,0.4570572968926296
12880,79,82,0.4566742850734
4631,28,95,0.455475222763915
4909,30,49,0.45217036598181054
4911,30,51,0.45139124062506364
3294,20,54,0.4508103079565254
19274,118,158,0.450579574746208
897,5,87,0.45008620317273235
23479,144,151,0.4487184697953598
19434,119,156,0.44863381801695557
9946,61,64,0.4485516099763257
19094,117,140,0.44813849272477785
20876,128,140,0.4477486484947433
2785,17,31,0.4475965519379549
17494,107,160,0.4470845541738548
15653,96,101,0.44698682375753856
16466,101,104,0.4462748399778613
5232,32,48,0.4434217183909847
3428,21,26,0.44329892539921323
17118,105,108,0.44139585796095876
18915,116,123,0.4406319535341981
1348,8,52,0.44049618261828954
222,1,60,0.43754377902039043
1796,11,14,0.43754324171812664
21360,131,138,0.43722091521459033
1046,6,74,0.4335450546348035
3101,19,23,0.4321073742753745
18770,115,140,0.42899873741249006
3296,20,56,0.42888235533645747
2158,13,52,0.42850214974343237
2299,14,31,0.4277492629803878
21056,129,158,0.426300506073145
1350,8,54,0.42251937483176044
23153,142,149,0.42115211222578547
2621,16,29,0.42107188618941943
19111,117,157,0.42082761444279637
18116,111,134,0.4207345187515104
21357,131,135,0.41996936175347993
21698,133,152,0.4196550830947813
23316,143,150,0.41846127495328483
22346,137,152,0.4168125665802638
4593,28,57,0.4153620583362723
20395,125,145,0.41466608850960307
9460,58,64,0.4138746711740741
1040,6,68,0.41213590477941847
19077,117,123,0.4121237585069156
10614,65,84,0.4119399608276897
15977,98,101,0.40935573055223146
6523,40,43,0.4088006691378631
22348,137,154,0.40415465018258495
22509,138,153,0.40251313246190906
19565,120,125,0.4021195323712487
13861,85,91,0.4019014787631958
12882,79,84,0.4013847171957659
23313,143,147,0.40117349114612966
3264,20,24,0.4007281325441765
15816,97,102,0.3999598834901858
4108,25,58,0.39965072734797535
2449,15,19,0.3994222710757419
20875,128,139,0.3969909668251375
2503,15,73,0.39622481413471977
5874,36,42,0.39483900564890373
11254,69,76,0.3946513835146688
22186,136,154,0.3946081525819899
578,3,92,0.39418286700851396
17628,108,132,0.39412464560564814
224,1,62,0.393867324695508
5071,31,49,0.3929509911885166
9464,58,68,0.3923331277668338
3269,20,29,0.39200723296352746
16140,99,102,0.39084101004951444
15817,97,103,0.38835468500729187
14021,86,89,0.387021728640715
19753,121,151,0.38639295863685935
20884,128,148,0.3861476092880802
4628,28,92,0.3852917801260552
9140,56,68,0.38335369862942864
19906,122,142,0.3830499758269003
704,4,56,0.3819453010958995
21208,130,148,0.3809139725770659
4117,25,67,0.38018606969020613
3797,23,71,0.3787999293643215
15978,98,102,0.3786316000904811
16955,104,107,0.3784501551880013
59,0,59,0.37803382556186127
3150,19,72,0.3770505138792188
2808,17,54,0.3768196039643723
19437,119,159,0.3761267950643063
19078,117,124,0.3759336643643236
21863,134,155,0.3757544575182855
15488,95,98,0.3757296968004821
25268,155,158,0.3757133000630404
19889,122,125,0.37569313352404027
20715,127,141,0.37461090605337233
19432,119,154,0.37453037409541123
19431,119,153,0.37428048456074403
9803,60,83,0.37400437578808077
2502,15,72,0.37330069457614495
864,5,54,0.3732193258698229
706,4,58,0.3730313175001171
16305,100,105,0.37271377468327943
2017,12,73,0.3724202705448992
15652,96,100,0.37208667664914646
3793,23,67,0.37192536406960475
21037,129,139,0.37164757899937745
416,2,92,0.3700004256953832
9784,60,64,0.36983277743374393
8499,52,75,0.3697165453002474
21520,132,136,0.3694406776504747
12883,79,85,0.36918242353050024
10924,67,70,0.3689659159874899
23801,146,149,0.36683847006457887
15489,95,99,0.36676701102982695
16792,103,106,0.3664722638345116
6039,37,45,0.3659822909096433
9002,55,92,0.36593614641181405
16629,102,105,0.3654240231772012
20553,126,141,0.36444427266888274
20401,125,151,0.3637570189278211
19096,117,142,0.3637160119582369
5716,35,46,0.3632308036580212
9622,59,64,0.3631965814472272
13043,80,83,0.36313158744982577
23152,142,148,0.36284751097042506
2297,14,29,0.3628261097708846
9806,60,86,0.3617633451726106
8153,50,53,0.360782377664405
3796,23,70,0.3601749781736987
3308,20,68,0.3600653062562476
21196,130,136,0.3598344656221069
2452,15,22,0.359601882096574
866,5,56,0.3596004822289094
21684,133,138,0.3595116882885228
3149,19,71,0.35910733385194865
2016,12,72,0.3589855044837886
19727,121,125,0.3589046340898173
2160,13,54,0.3586445903415414
9785,60,65,0.35836243768593895
1531,9,73,0.35835445745355055
4114,25,64,0.35833253572621904
19402,119,124,0.3579292505102389
1633,10,13,0.35741331264050547
9463,58,67,0.35711189648614383
19564,120,124,0.3568933464181067
13858,85,88,0.3567475679402849
5871,36,39,0.35660205157124397
2314,14,46,0.35652219808700036
6363,39,45,0.35625672749951215
9480,58,84,0.3560747746304419
383,2,59,0.3560711254623379
22187,136,155,0.35602864301100895
12558,77,84,0.35538989016508754
901,5,91,0.3549233456225502
2619,16,27,0.35397825605987265
15979,98,103,0.35355051594107995
412,2,88,0.3532834416471325
2666,16,74,0.3530477886608043
10762,66,70,0.3528741243896856
9149,56,77,0.35273628898244136
6203,38,47,0.352735091723712
10599,65,69,0.35254392067086254
19755,121,153,0.35251936960667735
988,6,16,0.35243495308539186
732,4,84,0.3520514608236129
23639,145,149,0.3519959527189753
1307,8,11,0.3519208822823102
21035,129,137,0.35188458180053017
3798,23,72,0.35170069930275094
1187,7,53,0.351558009652083
22512,138,156,0.3514324753581105
4748,29,50,0.35139475818706567
14349,88,93,0.35129959049037185
19921,122,157,0.35129068912618333
21212,130,152,0.3511728777072092
19891,122,127,0.3510960548360427
8195,50,95,0.3510955690588108
14837,91,95,0.3508376770668734
15167,93,101,0.35049214273324747
5228,32,44,0.3500906010960761
23151,142,147,0.3497074430947439
5550,34,42,0.34933171380482114
17444,107,110,0.3492150718066407
1533,9,75,0.3491950431369659
16467,101,105,0.34902628122211865
4910,30,50,0.34867799649898357
2611,16,19,0.34800384076166585
4913,30,53,0.3477920520839726
5546,34,38,0.34777153602468164
10272,63,66,0.3469767424717076
14514,89,96,0.34656388844971797
10607,65,77,0.34647002269592986
4750,29,52,0.34611333230191055
22666,139,148,0.3460290734429971
6687,41,45,0.3459554724732338
17282,106,110,0.3458215684984297
4113,25,63,0.3456646770111547
19593,120,153,0.3454899715991374
2663,16,71,0.34522902286764445
20725,127,151,0.3450916129041201
9137,56,65,0.34443775085778694
1311,8,15,0.3444296201348742
19105,117,151,0.3443149780870358
5711,35,41,0.34347054127281457
10761,66,69,0.3430834967300008
20399,125,149,0.34295783622259957
17489,107,155,0.3429470618916058
10273,63,67,0.34255864550918863
21053,129,155,0.34246747906769076
21521,132,137,0.3423925013028503
4959,30,99,0.3422387168918232
18950,116,158,0.34209342541535964
2802,17,48,0.34184948730510906
16141,99,103,0.34176176020485755
9159,56,87,0.3413891332945828
18949,116,157,0.34136198878963897
3148,19,70,0.34050364090978996
19913,122,149,0.3386598955473459
15654,96,102,0.3383664287407849
1325,8,29,0.3381013551121489
9327,57,93,0.3380671749687364
18464,113,158,0.33760363152236444
9473,58,77,0.337466505539817
6360,39,42,0.3373447982564511
9136,56,64,0.3372934047951396
22510,138,154,0.3364578766091068
12881,79,83,0.33615414054291287
18628,114,160,0.3360194039187715
1963,12,19,0.3359600302916856
5220,32,36,0.3359304926670595
223,1,61,0.3357020702769573
23157,142,153,0.33561692109518787
18467,113,161,0.33534377913282504
4107,25,57,0.3352557303568341
61,0,61,0.3348224741794812
863,5,53,0.33476463475496343
17651,108,155,0.33461347913980855
17952,110,132,0.33447308744010495
19746,121,144,0.3332839892675937
21362,131,140,0.3326699790185405
2123,13,17,0.33250173704347485
3151,19,73,0.3324387796084022
9005,55,95,0.33243471339346486
895,5,85,0.33162756874364135
20556,126,144,0.33137215105116574
17466,107,132,0.33133884274385644
60,0,60,0.33112516502475964
902,5,92,0.32982918827927743
16304,100,104,0.3297957032629551
23154,142,150,0.3297194454016754
4271,26,59,0.32926148650267556
1695,10,75,0.3287836417520473
225,1,63,0.3287084737646828
9294,57,60,0.3284213892189475
5448,33,102,0.32840723524038007
22835,140,155,0.328344122707505
9804,60,84,0.32793646400173715
17796,109,138,0.32790879818097357
18911,116,119,0.3278804609389322
1371,8,75,0.32785372761445536
573,3,87,0.32711977656361263
15166,93,100,0.3271144155838214
17492,107,158,0.3267110457543481
21374,131,152,0.3260849227402177
11576,71,74,0.32601540004165735
9947,61,65,0.3255991447263143
17934,110,114,0.32500770631673653
1960,12,16,0.3248811492525106
7827,48,51,0.3248503833850223
188,1,26,0.3246937766236681
6200,38,44,0.324176822748155
5069,31,47,0.3240281504913671
18142,111,160,0.3236685012016795
3311,20,71,0.3236119186968533
19904,122,140,0.32351083877197256
22498,138,142,0.32333548109333765
11087,68,71,0.3232029643199382
9330,57,96,0.32318999990657976
22009,135,139,0.3230314678676531
19271,118,155,0.32288816366097267
22664,139,146,0.32285243133297253
9948,61,66,0.3222554866445538
9481,58,85,0.3222082935614452
15819,97,105,0.32208871535119526
22022,135,152,0.3220750371489373
23476,144,148,0.32201866374196636
885,5,75,0.3219729036526422
4744,29,46,0.3217818989149434
10769,66,77,0.32128421340567487
8155,50,55,0.32055107752879924
20085,123,159,0.3202967871757689
8997,55,87,0.32028765036441725
22171,136,139,0.3200503329326341
14677,90,97,0.3200278699550255
9621,59,63,0.3199818572915644
17447,107,113,0.31980667339342705
9326,57,92,0.3197596929417441
5389,33,43,0.31970479832146476
2778,17,24,0.3195751249384972
21203,130,143,0.31952168013831195
2665,16,73,0.31943020863936034
3431,21,29,0.31933248768631933
1528,9,70,0.3192357559966736
7556,46,104,0.31916832823092967
2316,14,48,0.3191675866101551
19269,118,153,0.3187665340901974
18110,111,128,0.3186650261136769
4747,29,49,0.3186315666277781
4584,28,48,0.31833459654986923
14999,92,95,0.3182703290826633
21197,130,137,0.31813677612628455
10127,62,83,0.3177075964028715
2289,14,21,0.3173323818049553
860,5,50,0.3173241079108277
17120,105,110,0.3172265145219385
5288,32,104,0.31716994998209114
3263,20,23,0.316697669998125
20868,128,132,0.3166144347142003
18134,111,152,0.31652920209962915
21200,130,140,0.3163002521250809
17472,107,138,0.3161254812807494
1530,9,72,0.31592210694830536
14348,88,92,0.31589609167246413
1866,11,84,0.3151657216388454
1834,11,52,0.3150356859023679
16793,103,107,0.31478096861594257
12392,76,80,0.3146943207636876
20083,123,157,0.3145880317845552
4116,25,66,0.314471137534043
10437,64,69,0.3144151261731041
5826,35,156,0.3140339981426639
7665,47,51,0.3140035130350282
9487,58,91,0.3138356276395364
725,4,77,0.31368793196078537
19759,121,157,0.31348212830795197
1671,10,51,0.3133747713133452
1962,12,18,0.31330836775407256
6525,40,45,0.3129152063637204
22025,135,155,0.3126510982991918
13369,82,85,0.31235302006841525
21051,129,153,0.3120941338590155
11415,70,75,0.3117807107657287
18624,114,156,0.31140287880451617
2133,13,27,0.31130063281398607
8173,50,73,0.3112418219610245
21701,133,155,0.3110760339840239
20378,125,128,0.3110639276659218
10600,65,70,0.3108105353020759
894,5,84,0.31079159610314333
1829,11,47,0.3107743120574525
20886,128,150,0.3107192592132532
4915,30,55,0.31069401457036955
18952,116,160,0.31061100750028603
10609,65,79,0.3105092708708372
13206,81,84,0.3102369023906819
21372,131,150,0.31019388990206576
21846,134,138,0.31013231774181665
4109,25,59,0.3101029648039514
1996,12,52,0.3099681751453816
9482,58,86,0.3099106441101341
4115,25,65,0.3099010441146533
1797,11,15,0.30980710189093275
16794,103,108,0.30902182074022977
5226,32,42,0.30883960620275946
3314,20,74,0.3087537196480203
19403,119,125,0.3087503196908147
12072,74,84,0.3085724377695881
21845,134,137,0.30857086002563694
19242,118,126,0.30842514036067104
1634,10,14,0.30837047625410474
5067,31,45,0.30831755274282785
10598,65,68,0.30824735232401296
385,2,61,0.30823922626348166
18271,112,127,0.30791315422609183
6917,42,113,0.3077991137556992
1059,6,87,0.30768266352665263
1041,6,69,0.3076177752421709
18756,115,126,0.30724748009615777
15818,97,104,0.3071733352338339
20393,125,143,0.3071690178999672
708,4,60,0.30716893191509176
5872,36,40,0.3070933869080591
19567,120,127,0.30696022473941686
18948,116,156,0.3068475571652498
1344,8,48,0.306619997019083
6912,42,108,0.30652185603100995
8399,51,137,0.3062688068891611
9462,58,66,0.30615976504621384
8033,49,95,0.3057980515144528
24779,152,155,0.3057699298743413
23964,147,150,0.30570260052844594
735,4,87,0.305554684066709
22175,136,143,0.30551489245047203
4955,30,95,0.3053464898049745
16956,104,108,0.30531443380756756
8500,52,76,0.30531007653364967
1347,8,51,0.3050859259966412
20390,125,140,0.3049040150034616
740,4,92,0.304781361660796
22181,136,149,0.30464067711587434
5449,33,103,0.30446174874305915
20231,124,143,0.30436038488617295
11090,68,74,0.3043282189257264
3145,19,67,0.3042874808502624
19270,118,154,0.3042761586939117
818,5,8,0.30419929090067
24619,151,157,0.3041386996020888
12629,77,155,0.30412552462726605
10436,64,68,0.3039210213761739
220,1,58,0.3038940042188056
19277,118,161,0.303837080277491
3427,21,25,0.3036196756364591
5778,35,108,0.3034655996412892
8022,49,84,0.30344500427275745
15519,95,129,0.3034279514478102
10111,62,67,0.3034119053828615
17954,110,134,0.30332108389699514
17306,106,134,0.3032813875345719
22188,136,156,0.3031450625107245
1474,9,16,0.3030442565738062
4912,30,52,0.30287922301674103
7553,46,101,0.30286922822614637
24780,152,156,0.3028612384150129
17607,108,111,0.302809024080571
7694,47,80,0.3027661297969507
17631,108,135,0.30272007345100516
407,2,83,0.30252769476001035
16005,98,129,0.30242667664830797
8400,51,138,0.30237130423665953
19276,118,160,0.30232803784750667
1473,9,15,0.30220819515047054
2137,13,31,0.3021904274910779
11252,69,74,0.3020260903124976
21356,131,134,0.3018826163985719
23802,146,150,0.30171838673950274
17119,105,109,0.30155449073416446
887,5,77,0.30146092526785806
9644,59,86,0.30142955889292294
707,4,59,0.3012525452173374
18791,115,161,0.3012309524437522
5548,34,40,0.30122152123220736
703,4,55,0.30121564922516647
12721,78,85,0.3011366107206064
3870,23,144,0.3011297117965475
19237,118,121,0.30098050360337797
22335,137,141,0.3009554680387737
11413,70,73,0.3008461017781807
20235,124,147,0.30080910663909655
713,4,65,0.3005223195005821
1981,12,37,0.300459337918436
8490,52,66,0.3002683444985835
2612,16,20,0.30006566512825655
19400,119,122,0.3000575765724594
18097,111,115,0.29997824627590375
22830,140,150,0.299965262780808
8556,52,132,0.2999648392427329
17281,106,109,0.2999240617868476
25431,156,159,0.2999167936528624
9317,57,83,0.2998652539194797
16001,98,125,0.29977089381254896
18789,115,159,0.29974216355345107
16958,104,110,0.29973852288428304
5393,33,47,0.299736641794713
20397,125,147,0.2996810069329413
8664,53,78,0.299512530143077
7993,49,55,0.29942439161780454
5073,31,51,0.29940077938227094
3636,22,72,0.299382015198152
9457,58,61,0.29937639421950213
14884,91,142,0.2991146710528638
1477,9,19,0.29894339514256624
18783,115,153,0.2988349801554804
9139,56,67,0.29878145136829115
11416,70,76,0.2987814431675853
10606,65,76,0.2987267065660011
18627,114,159,0.29864224479832474
1211,7,77,0.29858549031610887
14399,88,143,0.2984745651017825
7695,47,81,0.2984446184852825
5387,33,41,0.2984396869870157
1146,7,12,0.29843331481484553
23965,147,151,0.2982423729552084
5121,31,99,0.2982054183210761
9146,56,74,0.2981872925939695
11579,71,77,0.2979593598320947
1315,8,19,0.2978332122592374
4906,30,46,0.29768094833318304
1218,7,84,0.29766168485823
16306,100,106,0.2976562884487649
12066,74,78,0.29760477305481775
20560,126,148,0.2975566793897714
1213,7,79,0.29739657077200155
22008,135,138,0.2973853180765234
4627,28,91,0.29722875820669686
22349,137,155,0.29713432869259937
6365,39,47,0.2970739559845092
2233,13,127,0.29673740265698434
1668,10,48,0.29670918264842866
5450,33,104,0.2966685342662515
14512,89,94,0.29666023536227143
17144,105,134,0.2965483970229222
3955,24,67,0.296543540045015
18586,114,118,0.2963437346605291
6150,37,156,0.2963323188882055
3916,24,28,0.2963248794084198
387,2,63,0.29628134828626823
11253,69,75,0.29627604877824926
5878,36,46,0.296173647832701
14350,88,94,0.2961343695634374
6849,42,45,0.295888265372954
1144,7,10,0.29586941323205196
4586,28,50,0.2958427985376206
1313,8,17,0.29574328267246097
4730,29,32,0.29571880129724903
10601,65,71,0.2957152791639289
1050,6,78,0.2956237015854543
10767,66,75,0.2954966052075932
10447,64,79,0.2953814269261199
251,1,89,0.2953496016371105
5589,34,81,0.2951904347373726
6686,41,44,0.29496775039868117
18919,116,127,0.2948659612377127
3952,24,64,0.2948320324377456
20403,125,153,0.2946719433725638
18096,111,114,0.2946611336040638
21198,130,138,0.2945717704037468
18465,113,159,0.29444725467640376
3660,22,96,0.2944395318434839
14024,86,92,0.2942988361457645
492,3,6,0.2942509409036026
23638,145,148,0.2942486290565624
11257,69,79,0.2939491351026203
1145,7,11,0.2938107071319495
6442,39,124,0.29376955248193104
2246,13,140,0.2936482544296615
21195,130,135,0.2936112165579603
5446,33,100,0.2935510290597238
13044,80,84,0.29332619247283365
13391,82,107,0.29329160929813414
8657,53,71,0.2932874467520832
187,1,25,0.29327470260917093
5451,33,105,0.29326941770976406
19080,117,126,0.2931927803989572
11096,68,80,0.29303874434618904
9965,61,83,0.2929422694981391
2134,13,28,0.29268795311866697
4914,30,54,0.29248655252242967
5394,33,48,0.2924849858981002
2662,16,70,0.2924745615417882
16634,102,110,0.2924684162469134
18611,114,143,0.29245826964417726
4567,28,31,0.29239093234173286
23315,143,149,0.2923520433006885
3144,19,66,0.29234652736881656
13213,81,91,0.29227045763977616
22989,141,147,0.29226038906055846
13532,83,86,0.29218972635842405
7683,47,69,0.2921599561776752
392,2,68,0.29214587178699675
15168,93,102,0.2920498241781155
21031,129,133,0.2920384619996601
3795,23,69,0.29201371463115366
25432,156,160,0.2920088898406438
1927,11,145,0.2920064319770824
19106,117,152,0.29195358457687676
10771,66,79,0.29193510047864407
13535,83,89,0.2919146321416393
14353,88,97,0.2918042009106904
3021,18,105,0.2917032783488757
727,4,79,0.291586373409867
3948,24,60,0.29154781935985064
15338,94,110,0.29151983308936835
2159,13,53,0.2915020926519718
7230,44,102,0.2913591987266449
3509,21,107,0.29135346336376505
2181,13,75,0.2913204022258109
22824,140,144,0.2913184463319984
4258,26,46,0.2912813841451025
16630,102,106,0.29123490480776437
23968,147,154,0.2911250288328397
12065,74,77,0.29102897062636857
1471,9,13,0.2910080328625271
23803,146,151,0.2909130502115861
17976,110,156,0.29085243416363055
15329,94,101,0.29072223855923607
5556,34,48,0.29071693772873763
575,3,89,0.29063427203640124
18912,116,120,0.2906272092648547
1220,7,86,0.29061262746750877
12292,75,142,0.29060039575366164
4111,25,61,0.29053013810495526
3956,24,68,0.2905269050537658
3631,22,67,0.29043354009966255
9296,57,62,0.29042496105882315
3687,22,123,0.29034822830185825
2667,16,75,0.2903385404556448
10628,65,98,0.29029357174035664
15173,93,107,0.29025530437512626
21032,129,134,0.2902303635471982
15327,94,99,0.29013578169000975
13605,83,159,0.2901096715514149
19756,121,154,0.29007185953961895
7748,47,134,0.2900375278083353
17981,110,161,0.2900188054962835
2138,13,32,0.29001194132947233
14026,86,94,0.2900026477068776
1161,7,27,0.2898828262675721
24293,149,155,0.2898609547688214
12612,77,138,0.2897996032597178
3030,18,114,0.2897972939591231
5549,34,41,0.2897764664495113
16672,102,148,0.28974518241959163
19754,121,152,0.28973576321748307
15003,92,99,0.28970479791243786
8501,52,77,0.28969631385280253
1147,7,13,0.28963287905684587
10134,62,90,0.28961768920107195
10925,67,71,0.2896172161227839
16631,102,107,0.28959374381451064
9483,58,87,0.28959076678051654
7559,46,107,0.28949809564553763
10163,62,119,0.28945114377076747
7555,46,103,0.2894089581084781
10126,62,82,0.28936804653494846
4411,27,37,0.2892819586818908
9458,58,62,0.2892393425823032
14694,90,114,0.289108080914733
18768,115,138,0.2890400927964516
4118,25,68,0.28901641202440936
9156,56,84,0.28897932417416966
273,1,111,0.2889507087634009
10109,62,65,0.2889493833455406
3803,23,77,0.288900317296183
14840,91,98,0.28889713684574453
19110,117,156,0.2887784490791453
15171,93,105,0.2886776081914156
11473,70,133,0.28860413683895586
7549,46,97,0.2885031648987369
7575,46,123,0.28847650452940266
22190,136,158,0.2884422872223989
1511,9,53,0.2884355939134468
955,5,145,0.28843272863170166
13537,83,91,0.28834100872229335
2615,16,23,0.28831148052533495
9823,60,103,0.2882962829977523
2182,13,76,0.2881907927247128
9541,58,145,0.28815671169813795
20541,126,129,0.2881542181717511
2644,16,52,0.28814627464089737
8659,53,73,0.2880893653220221
20873,128,137,0.2879961606386591
7372,45,82,0.28785042079978074
15839,97,125,0.28783848748603075
20382,125,132,0.2878067853455393
7232,44,104,0.2877857942015125
10616,65,86,0.2875130434215061
13538,83,92,0.2874559181810918
2504,15,74,0.2873154777996962
14022,86,90,0.2872965401219465
22184,136,152,0.2872765443604998
20398,125,148,0.2872621628474747
11251,69,73,0.2872550738267363
1370,8,74,0.2872486444274424
24290,149,152,0.2871924713978159
514,3,28,0.28715815317389487
20888,128,152,0.28715754139871674
14187,87,93,0.2871083439167204
23969,147,155,0.287095879813925
248,1,86,0.2870919843653759
8489,52,65,0.2870743147008772
13251,81,129,0.28707293612630713
4907,30,47,0.2870326224235275
2453,15,23,0.2870177726456798
14400,88,144,0.28701609198389627
7338,45,48,0.2869899848922287
5503,33,157,0.2869285186483391
18438,113,132,0.28691409338675183
3298,20,58,0.28689661096041136
9788,60,68,0.28685976003139035
11414,70,74,0.28683759107122264
20717,127,143,0.28679391742806426
14881,91,139,0.28678070158795094
14079,86,147,0.28667717071475013
14684,90,104,0.2866622774830743
5343,32,159,0.2866513548752039
18433,113,127,0.286607387767462
9324,57,90,0.2865076294351162
5219,32,35,0.28649413439541876
1310,8,14,0.28646814096132517
5286,32,102,0.28632592095427206
16314,100,114,0.2862757101753652
22507,138,151,0.2862752643418426
2157,13,51,0.2861978372430038
21034,129,136,0.2860911001751347
23319,143,153,0.2860053399951666
819,5,9,0.2860043584928927
5776,35,106,0.285956521791515
1057,6,85,0.28595256843408207
231,1,69,0.28594478267811846
19911,122,147,0.285937235741933
20237,124,149,0.2859069991540868
8681,53,95,0.2858044335982177
2564,15,134,0.2857568367179135
20880,128,144,0.2857556792812491
16024,98,148,0.2856826560861451
24456,150,156,0.28564721343845767
9142,56,70,0.28561909093537713
370,2,46,0.2856183130934101
5289,32,105,0.28556844627971806
6727,41,85,0.28554871798469816
12397,76,85,0.2855323034395507
6129,37,135,0.28552717617849266
417,2,93,0.2855062405559091
4749,29,51,0.2855011971466829
1529,9,71,0.28549739336395924
9805,60,85,0.2854734853066671
10931,67,77,0.2854335150859009
20228,124,140,0.28541667543423094
19238,118,122,0.28535168366560165
1030,6,58,0.2853495600125509
5279,32,95,0.2853448663061823
6549,40,69,0.28532680795954557
2312,14,44,0.2851968959468782
12394,76,82,0.2851955714811281
22661,139,143,0.28516222247387896
13865,85,95,0.2851104713937284
17303,106,131,0.28509238912238155
20719,127,145,0.2850815924197011
9641,59,83,0.2850655956248631
17979,110,159,0.2850574762280272
5305,32,121,0.2850473470606193
14869,91,127,0.2850376504604626
9968,61,86,0.2850257909039393
2996,18,80,0.2849621497051877
9787,60,67,0.2849507615005146
21847,134,139,0.28491088796790726
9972,61,90,0.2849080507900318
16512,101,150,0.28487605054103116
10130,62,86,0.2848594787870361
3640,22,76,0.2848155465937386
89,0,89,0.2847812722815884
3362,20,122,0.2846709133229895
406,2,82,0.28450050493109
3947,24,59,0.2844800067729836
5173,31,151,0.28440631866940996
20724,127,150,0.28440355724307737
13915,85,145,0.28439815057183426
8548,52,124,0.28439568483772637
14680,90,100,0.2843891273707263
655,4,7,0.28436868885165745
3969,24,81,0.28433851031652874
12271,75,121,0.284336339960184
447,2,123,0.2843015780618036
23485,144,157,0.28429524480276935
1044,6,72,0.28422709603441626
1673,10,53,0.28419379684305995
17307,106,135,0.28416156242912916
5066,31,44,0.2840213368154296
18592,114,124,0.2840131071444001
17165,105,155,0.2839931904629632
9786,60,66,0.28399072727823155
4466,27,92,0.2839708676600877
22832,140,152,0.2838791094236888
1686,10,66,0.28377585448114284
14355,88,99,0.28373495048504327
17609,108,113,0.28372931669558993
16142,99,104,0.28372546963992434
1208,7,74,0.2837154052005952
3792,23,66,0.2836046275350038
20073,123,147,0.2835806799809699
16480,101,118,0.2835251703756434
18130,111,148,0.2835065847714746
18748,115,118,0.28350410488297056
16307,100,107,0.2834580134674233
9880,60,160,0.28341298203764836
1212,7,78,0.28338246027586445
4947,30,87,0.2833258446215128
17468,107,134,0.2833093391183968
1121,6,149,0.28327089631087893
21686,133,140,0.2832702444464721
8247,50,147,0.28326042146408187
245,1,83,0.2832210314784805
2019,12,75,0.2832079589236956
16840,103,154,0.2832008875302058
20247,124,159,0.2831726741341792
10141,62,97,0.2831669143649946
19894,122,130,0.28315341059045673
22180,136,148,0.2831219248559289
2172,13,66,0.28310822243199685
13910,85,140,0.2830785911328728
13207,81,85,0.2830746476194879
11250,69,72,0.2830409151671345
1876,11,94,0.2829887653823934
7235,44,107,0.2829492419356063
16167,99,129,0.28289194020675956
11255,69,77,0.28282523130338133
3799,23,73,0.28277761828684883
4751,29,53,0.2827425412299552
695,4,47,0.2825959003094198
5804,35,134,0.2825882034700041
16002,98,126,0.28256684814035526
6524,40,44,0.28256020529251613
5461,33,115,0.2825536522454941
12393,76,81,0.28252877128367687
9809,60,89,0.282477271132443
19748,121,146,0.2824533521783042
16350,100,150,0.28238538562426846
2988,18,72,0.28232956399769576
25594,157,160,0.2821465971770916
17450,107,116,0.2821417648489986
16632,102,108,0.2821410686150954
5290,32,106,0.2820855838920746
10992,67,138,0.2820685755855913
3915,24,27,0.28204525185920215
17770,109,112,0.2820374141894388
17637,108,141,0.28198169541617824
8408,51,146,0.2819260115513734
4972,30,112,0.2819172091980988
1368,8,72,0.28190068338410423
13752,84,144,0.28184868051962464
2585,15,155,0.2818348701189929
6253,38,97,0.2818181418363167
8488,52,64,0.28181670585158997
4445,27,71,0.2817940231460741
20391,125,141,0.2817243772443363
2374,14,106,0.2817074651136678
3715,22,151,0.28169948197557004
13543,83,97,0.281664400730749
9671,59,113,0.2816098473996413
13085,80,125,0.2815742458489639
9475,58,79,0.28157008182051363
2218,13,112,0.2814947072849794
1524,9,66,0.28134413628559274
2467,15,37,0.28134251039578884
62,0,62,0.28129908361360584
21519,132,135,0.28129687430212635
15169,93,103,0.28129488322399554
17974,110,154,0.2812609877712273
15354,94,126,0.281224974227466
22344,137,150,0.2812065918085693
24292,149,154,0.2811994864165009
12396,76,84,0.2810876140530086
939,5,129,0.28108669951784987
14683,90,103,0.2810330902620029
10770,66,78,0.28088272235301986
4458,27,84,0.28085535456246574
13728,84,120,0.2808249042336003
8409,51,147,0.2807634538519299
14887,91,145,0.280683116093727
4823,29,125,0.2806753662104375
17973,110,153,0.28065705186421724
3629,22,65,0.2806568651835101
21043,129,145,0.28061667706808424
15982,98,106,0.2805843514829262
985,6,13,0.280584155227273
9167,56,95,0.2805645143169771
22497,138,141,0.28055683818049093
3332,20,92,0.28048923294320294
15824,97,110,0.280487148665761
9626,59,68,0.2804811877337804
8844,54,96,0.28047833529085436
7234,44,106,0.28047413580565006
20559,126,147,0.2804077153199941
4766,29,68,0.28038644986494493
23966,147,152,0.2803457368277527
2306,14,38,0.28031769926291833
1150,7,16,0.280302196145284
9465,58,69,0.2802655623545058
17792,109,134,0.28023097326186
10838,66,146,0.28015189663471124
2660,16,68,0.28012108259335783
21534,132,150,0.2801163104744459
1048,6,76,0.27999095291111115
16797,103,111,0.2799343048507349
10352,63,146,0.27991949345923756
20713,127,139,0.2799126100491557
21364,131,142,0.27983726907024586
17290,106,118,0.27980291061974316
1381,8,85,0.27979053912138135
19745,121,143,0.27977193917776005
7236,44,108,0.2797457846636956
1650,10,30,0.27974379698529744
9006,55,96,0.2797187195501598
4105,25,55,0.279629368965731
14699,90,119,0.2796255307790166
14871,91,129,0.2796244300474515
12289,75,139,0.2796016175623965
16027,98,151,0.27956881730377886
24454,150,154,0.27955435566560577
11813,72,149,0.27955244264507
3951,24,63,0.2795493588341594
5616,34,108,0.27947854944836303
21050,129,152,0.2794758593065854
5388,33,42,0.27947053568261515
17655,108,159,0.27946111349114156
6943,42,139,0.279423906785305
7048,43,82,0.2793960295551332
19749,121,147,0.2793815911046102
719,4,71,0.27936186440275707
14522,89,104,0.27931744815201043
1691,10,71,0.2793020597745317
2810,17,56,0.2792802840341888
16800,103,114,0.2792758173762309
7027,43,61,0.27924517520224534
705,4,57,0.2792369757902942
10123,62,79,0.2792158224178056
825,5,15,0.279202064542791
3129,19,51,0.2791862246201162
10611,65,81,0.27918330570855904
16469,101,107,0.2791696696056188
1025,6,53,0.27905771450449174
218,1,56,0.27897621321987026
11481,70,141,0.27895842144523164
20712,127,138,0.2789480136272146
11582,71,80,0.2789422393202586
19762,121,160,0.278913560778327
3944,24,56,0.278910617072331
1027,6,55,0.27889855340802927
2364,14,96,0.27889356784347963
8660,53,74,0.27885851249967986
1104,6,132,0.2788417148908787
2018,12,74,0.27883598745302923
12296,75,146,0.2788159219060361
3782,23,56,0.2787824829250302
987,6,15,0.2787729749004155
13565,83,119,0.2787673169134583
3512,21,110,0.27873591708874873
300,1,138,0.278684789925092
1387,8,91,0.278642509511245
3710,22,146,0.27861467868741285
1318,8,22,0.27860366603749415
15534,95,144,0.27860072986726925
3859,23,133,0.278577949334777
17488,107,154,0.27857200174602387
7244,44,116,0.27856320746770724
18107,111,125,0.2785578959726657
19430,119,152,0.27853581267408395
484,2,160,0.27852793467422016
5881,36,49,0.2784891355038726
6202,38,46,0.27845058479233903
4789,29,91,0.2784203852937403
4028,24,140,0.2784169107971366
14546,89,128,0.27840935096483993
3450,21,48,0.27840657779259415
8406,51,144,0.27837066292748414
20385,125,135,0.27835232803062787
16842,103,156,0.2783430078386677
8178,50,78,0.2783106009551768
5609,34,101,0.2783096968358768
1799,11,17,0.2783024482297735
1233,7,99,0.27829271741641776
1198,7,64,0.27827075096013526
5710,35,40,0.27822018227889395
9949,61,67,0.2781796746486313
14883,91,141,0.2781616170680933
516,3,30,0.278117073308531
12884,79,86,0.2780580356982457
18432,113,126,0.2780547983059964
3945,24,57,0.2779923826546355
4267,26,55,0.2779855519983058
7233,44,105,0.27793911129656795
1973,12,29,0.27791774836982436
10292,63,86,0.2779037702808204
21052,129,154,0.27788518063136003
2584,15,154,0.2778810662667333
2301,14,33,0.27782097981156795
5452,33,106,0.2778189344146904
3305,20,65,0.27781220000212303
7339,45,49,0.277776438569479
21381,131,159,0.27777373067242467
18261,112,117,0.27776321533373016
10121,62,77,0.27774766706271126
20874,128,138,0.27772786947158445
10288,63,82,0.2777182387377842
16959,104,111,0.27770482881157726
15378,94,150,0.2777013421133022
24945,153,159,0.27769411848443426
18463,113,157,0.27767311574633474
18268,112,124,0.2775947299900799
19268,118,152,0.27758964052160007
11262,69,84,0.2775323289902995
2576,15,146,0.27748903228908395
4634,28,98,0.27746966510221116
13551,83,105,0.2774625945889499
4568,28,32,0.2774551062652881
1845,11,63,0.27745378994615416
23478,144,150,0.27734744454985255
22836,140,156,0.27729539795153313
6960,42,156,0.27723883420433887
896,5,86,0.2771755124529653
440,2,116,0.27715412059035976
5291,32,107,0.27711417053175535
24457,150,157,0.27710028889102634
8706,53,120,0.27709584728739173
17448,107,114,0.2770773789174541
12886,79,88,0.2770563692337524
16342,100,142,0.2770231136313236
15170,93,104,0.27700581086180714
1860,11,78,0.2769860432813953
6101,37,107,0.27696340653664914
17610,108,114,0.2769596740747889
3266,20,26,0.2769244841165653
3646,22,82,0.27690462818866535
9143,56,71,0.27688466178185056
14393,88,137,0.2768795517932319
16006,98,130,0.2768708581825619
5981,36,149,0.27686962496234074
1206,7,72,0.2768428183522883
6102,37,108,0.2768263606487713
7831,48,55,0.2767771497705756
1508,9,50,0.2767165283786655
2340,14,72,0.2766157173201747
11903,73,77,0.27660614016097745
12944,79,146,0.2765232479805221
2197,13,91,0.2765230884861767
3070,18,154,0.2764827445922197
9470,58,74,0.2764492269262716
20249,124,161,0.2764485370280711
