,i,j,zscore,group,sort,r
56964,227,239,0.9977436373043375,0,common,0.0
53435,213,224,0.992685763064595,0,common,0.0
55964,223,243,0.9849618808820151,0,common,0.0
50656,202,206,0.9841164384067884,0,common,0.0
57464,229,237,0.9828881552827721,0,common,0.0
57211,228,235,0.9820772111337771,0,common,0.0
56464,225,241,0.9770702994885468,0,common,0.0
57466,229,239,0.9734274595091912,0,common,0.0
47381,189,194,0.9688338885050425,0,common,0.0
57963,231,234,0.9682788179304461,0,common,0.0
54439,217,224,0.9566751860954466,0,common,0.0
54188,216,224,0.952174616088464,0,common,0.0
50907,203,206,0.9507633265439674,0,common,0.0
54438,217,223,0.9489807306952486,0,common,0.0
53437,213,226,0.9465851082684966,0,common,0.0
57965,231,236,0.9421897560884537,0,common,0.0
46875,187,190,0.9292079741429621,0,common,0.0
56712,226,238,0.9288743734710377,0,common,0.0
50151,200,203,0.9272336741524538,0,common,0.0
49143,196,199,0.9244232949775911,0,common,0.0
47385,189,198,0.9211440712604727,0,common,0.0
46119,184,187,0.9168678007051816,0,common,0.0
47633,190,195,0.9154829387438544,0,common,1.0
45868,183,187,0.9100020286841379,0,common,0.0
52923,211,214,0.909803477014656,0,common,0.0
50908,203,207,0.907633367475969,0,common,0.0
51916,207,211,0.9062967338429831,0,common,0.0
53680,214,218,0.9019015876153416,0,common,0.0
50657,202,207,0.880945506377084,0,common,0.0
56466,225,243,0.8721479192260898,0,common,0.0
56966,227,241,0.8656317006696108,0,common,0.0
49900,199,203,0.8647301956624824,0,common,0.0
52671,210,213,0.8588422649081372,0,common,0.0
49899,199,202,0.8468813796402835,0,common,0.0
47382,189,195,0.8459943648478093,0,common,0.0
52433,209,226,0.8373235451952238,0,common,0.0
48639,194,197,0.8274696793035238,0,common,0.0
50155,200,207,0.8236244114592677,0,pdb_1,0.0
45869,183,188,0.8208702087895074,0,common,0.0
53931,215,218,0.8174843406807989,0,common,0.0
47388,189,201,0.8172671199758873,0,common,0.0
56212,224,240,0.815817121121263,0,common,0.0
56210,224,238,0.8152458051468117,0,common,0.0
55966,223,245,0.8146871861690992,0,common,0.0
46624,186,190,0.8145284692141095,0,common,0.0
50154,200,206,0.812988575321921,0,common,0.0
55712,222,242,0.812499229113416,0,common,0.0
46876,187,191,0.8077848978603077,0,common,0.0
47383,189,196,0.8077282562227109,0,common,0.0
52672,210,214,0.8061024249938145,0,common,0.0
53184,212,224,0.8023097915813606,0,common,0.0
51664,206,210,0.7921473305787681,0,common,0.0
61743,246,249,0.78393717227868,0,pdb_2,0.0
57712,230,234,0.7780723934859517,0,common,0.0
49395,197,200,0.7709229171333257,0,common,0.0
51413,205,210,0.760893882470859,0,common,0.0
52684,210,226,0.7570143487018625,0,common,0.0
55962,223,241,0.7528571146659535,0,common,0.0
48646,194,204,0.749011861878569,0,common,0.0
56214,224,242,0.7430160765086092,0,common,0.0
47384,189,197,0.7421259422789114,0,common,0.0
46384,185,201,0.7336009922503772,0,common,0.0
57463,229,236,0.730739577811498,0,common,0.0
53428,213,217,0.7239905001693975,0,common,0.0
52431,209,224,0.7205690042961908,0,common,0.0
61995,247,250,0.7109159114988827,0,pdb_2,0.0
57713,230,235,0.7093294822452396,0,common,0.0
45872,183,191,0.7036515881678086,0,common,1.0
47140,188,204,0.7036385945726062,0,common,0.0
53436,213,225,0.6998198991513457,0,common,0.0
49903,199,206,0.6875869158452647,0,pdb_2,1.0
54186,216,222,0.6825944358518307,0,common,0.0
55464,221,245,0.6797317635714771,0,common,0.0
56462,225,239,0.6758826215447512,0,common,0.0
57214,228,238,0.6754799281701899,0,common,0.0
50404,201,205,0.6716512196605495,0,common,0.0
46377,185,194,0.6667570245627882,0,common,0.0
46372,185,189,0.6488914417029461,0,common,0.0
47128,188,192,0.6436965996266826,0,common,0.0
48640,194,198,0.6421168614744351,0,common,0.0
48144,192,204,0.6396973595625399,0,common,0.0
57964,231,235,0.6366926510752721,0,common,0.0
56714,226,240,0.631803091468692,0,common,0.0
45366,181,187,0.6308112120134747,0,pdb_2,1.0
53932,215,219,0.6296436425842488,0,common,0.0
50408,201,209,0.628624683027943,0,common,0.0
52420,209,213,0.6233107032796181,0,common,0.0
48892,195,199,0.6207706672953889,0,common,0.0
56709,226,235,0.6185390557260765,0,pdb_1,0.0
46381,185,198,0.6103412480766175,0,common,0.0
53679,214,217,0.6087694437277822,0,common,0.0
51160,204,208,0.6036218104276715,0,common,0.0
48643,194,201,0.6017086438636879,0,common,1.4142135623730951
57210,228,234,0.5982295233882553,0,common,0.0
50403,201,204,0.5899585415875527,0,common,0.0
46629,186,195,0.5804222956718466,0,pdb_1,1.0
51412,205,209,0.5800866620438464,0,common,0.0
57207,228,231,0.5772932669728573,0,common,0.0
52924,211,215,0.573424274010926,0,common,0.0
46630,186,196,0.5707691567745854,0,common,2.0
50655,202,205,0.5630618608896135,0,common,0.0
46623,186,189,0.5602000321925362,0,common,0.0
60987,243,246,0.558071961752404,0,common,0.0
48642,194,200,0.557357041948939,0,common,1.0
49904,199,207,0.5557180593751289,0,pdb_1,1.0
51161,204,209,0.5549174874914952,0,common,0.0
47386,189,199,0.5547450770054675,0,common,0.0
51915,207,210,0.5531555025527717,0,common,0.0
49144,196,200,0.5498057917432093,0,common,0.0
57966,231,237,0.5492112929437502,0,common,0.0
57212,228,236,0.5460710944791679,0,common,0.0
57468,229,241,0.5395039644578594,0,pdb_1,1.0
57714,230,236,0.532844077182088,0,common,0.0
49648,198,202,0.5298664760957325,0,common,0.0
50660,202,210,0.5295759770778556,0,common,0.0
54440,217,225,0.527573071317185,0,common,0.0
56460,225,237,0.5249504348513914,0,common,1.0
52167,208,211,0.523238321614893,0,common,0.0
56459,225,236,0.5208738576828329,0,pdb_1,1.4142135623730951
48641,194,199,0.5197354520937126,0,common,0.0
55710,222,240,0.51445888277403,0,common,0.0
57462,229,235,0.5133095482704852,0,common,0.0
49647,198,201,0.5124778549811404,0,common,0.0
47391,189,204,0.5117949373220225,0,common,0.0
49907,199,210,0.5111928164923373,0,common,1.4142135623730951
54689,218,223,0.501756379209686,0,common,0.0
45370,181,191,0.5000813919209944,0,common,2.23606797749979
52168,208,212,0.4998165969215968,0,common,0.0
57711,230,233,0.4974546797079779,0,common,0.0
60988,243,247,0.4949692729139549,0,pdb_2,0.0
61239,244,247,0.4935533696899469,0,pdb_2,0.0
53434,213,223,0.48823884729856587,0,common,0.0
55463,221,244,0.48820288856851807,0,common,0.0
47631,190,193,0.4871543650762632,0,common,0.0
57461,229,234,0.4858576467445795,0,common,0.0
48645,194,203,0.4838901411252098,0,pdb_2,0.0
61491,245,248,0.4812723195840576,0,pdb_2,0.0
56962,227,237,0.48108411348573793,0,common,0.0
49649,198,203,0.4797265794798927,0,common,0.0
52686,210,228,0.47649463784986906,0,common,0.0
55967,223,246,0.4759518135487261,0,common,0.0
48148,192,208,0.47240761053889874,0,common,0.0
62247,248,251,0.4707854267982388,0,pdb_2,0.0
56961,227,236,0.4683157520162787,0,common,0.0
60989,243,248,0.4679942931079633,0,pdb_2,0.0
48650,194,208,0.46437121821017907,0,common,0.0
54460,217,245,0.46186235415261095,0,pdb_2,0.0
54437,217,222,0.4600793529593132,0,common,0.0
58971,235,238,0.4597974225060673,0,common,0.0
58216,232,236,0.45817803732852214,0,common,0.0
54435,217,220,0.4572825944584192,0,common,0.0
47634,190,196,0.4550813671119016,0,common,1.0
49146,196,202,0.45329185878584194,0,common,1.0
56463,225,240,0.45245173370246294,0,common,0.0
56959,227,234,0.44771243159078683,0,common,1.0
47387,189,200,0.44738019532039675,0,common,0.0
54184,216,220,0.4458606291816342,0,common,0.0
53685,214,223,0.441988662889539,0,pdb_1,0.0
51665,206,211,0.44185435125608397,0,common,0.0
49651,198,205,0.43840073978311866,0,common,0.0
49396,197,201,0.43134260691970666,0,common,0.0
52435,209,228,0.42835374804716325,0,common,0.0
54187,216,223,0.4247959101698016,0,common,0.0
54436,217,221,0.4239563412405265,0,common,0.0
49398,197,203,0.4222631704460972,0,common,0.0
47637,190,199,0.42043517594249963,0,common,0.0
55461,221,242,0.4168792746316949,0,common,0.0
55213,220,245,0.4167237929191251,0,common,0.0
53427,213,216,0.4162050616341932,0,common,0.0
55968,223,247,0.4146545587992155,0,pdb_2,1.0
49397,197,202,0.41365031292566157,0,common,0.0
57208,228,232,0.4135869976461508,0,pdb_2,1.0
49654,198,208,0.413216776357325,0,common,0.0
53175,212,215,0.4130371311527718,0,common,0.0
47635,190,197,0.4120269930491405,0,common,1.0
55191,220,223,0.4105597291975754,0,common,0.0
61744,246,250,0.40887817324602876,0,pdb_2,1.0
46633,186,199,0.40769029070123813,0,common,0.0
55714,222,244,0.40732421336349667,0,common,0.0
56968,227,243,0.40666340381706484,0,pdb_2,1.0
57968,231,239,0.40407561313423607,0,pdb_1,1.0
50153,200,205,0.4038937781579379,0,common,0.0
52419,209,212,0.4030382518829451,0,common,0.0
54209,216,245,0.40228826138585444,0,pdb_2,0.0
54204,216,240,0.40088265340443147,0,common,0.0
48141,192,201,0.3989724145087553,0,pdb_2,2.8284271247461903
49653,198,207,0.3977436965776703,0,common,0.0
49402,197,207,0.39607996010442015,0,common,0.0
53176,212,216,0.3954180218277804,0,common,0.0
49650,198,204,0.3951308404652061,0,common,0.0
51919,207,214,0.3951302761764083,0,pdb_1,1.0
49399,197,204,0.395013044034373,0,common,0.0
56468,225,245,0.39452746128927846,0,common,1.0
61240,244,248,0.39392510032324357,0,pdb_2,0.0
57715,230,237,0.39320957676349566,0,common,0.0
56215,224,243,0.39248487278080746,0,common,0.0
46371,185,188,0.39097695048739833,0,common,0.0
46123,184,191,0.39085473639743284,0,common,0.0
50409,201,210,0.3885791729346836,0,common,0.0
48893,195,200,0.38689532259748965,0,common,0.0
47137,188,201,0.38596457940130346,0,common,1.0
52683,210,225,0.3856104967477623,0,common,1.0
58215,232,235,0.385232298376152,0,common,0.0
55210,220,242,0.3851419563320958,0,common,1.0
56956,227,231,0.38400657835075674,0,common,1.0
56469,225,246,0.38376002249077107,0,common,1.4142135623730951
49145,196,201,0.3837574838879918,0,common,0.0
56465,225,242,0.3833218732975515,0,common,0.0
61492,245,249,0.38304872710023236,0,pdb_2,0.0
55462,221,243,0.38290875512537653,0,common,0.0
50911,203,210,0.3826362019250579,0,common,0.0
47380,189,193,0.38237895969287,0,common,0.0
47127,188,191,0.3818630113822925,0,common,0.0
46631,186,197,0.38185662659118474,0,pdb_2,1.0
50405,201,206,0.3804979326457335,0,common,0.0
49652,198,206,0.3798750003404708,0,common,0.0
49147,196,203,0.3796965797705199,0,common,0.0
56457,225,234,0.37966865949142864,0,pdb_1,1.4142135623730951
55715,222,245,0.3792254557372613,0,common,0.0
59223,236,239,0.37882428718829025,0,common,0.0
46632,186,198,0.3782569600309284,0,pdb_2,0.0
53686,214,224,0.3775410162732237,0,common,0.0
55960,223,239,0.37646842619556076,0,common,1.0
48388,193,197,0.37629616277139005,0,common,1.0
57975,231,246,0.37559837348154,0,noise,5.830951894845301
56217,224,245,0.3741076092605017,0,common,0.0
46122,184,190,0.3736495527104059,0,common,0.0
50158,200,210,0.37257700559210444,0,common,1.0
48149,192,209,0.37238838278437947,0,common,1.0
47379,189,192,0.372327774672537,0,common,0.0
60735,242,245,0.3719441373596954,0,common,0.0
60990,243,249,0.37183242500253577,0,pdb_2,1.0
47130,188,194,0.3717152756679017,0,common,0.0
56461,225,238,0.37159476856048157,0,common,0.0
53433,213,222,0.37153903196725535,0,common,0.0
59225,236,241,0.3709810440998725,0,common,1.4142135623730951
56955,227,230,0.37087372647335415,0,common,0.0
55969,223,248,0.3707994028909724,0,pdb_2,0.0
54711,218,245,0.3703337855358806,0,pdb_2,1.0
52676,210,218,0.3701454385806442,0,common,1.0
53710,214,248,0.3700119122130723,0,noise,3.0
57970,231,241,0.369246222867303,0,pdb_1,2.23606797749979
58973,235,240,0.3685129815820273,0,pdb_1,1.0
56971,227,246,0.36842605678733253,0,noise,3.1622776601683795
60486,241,247,0.3683100542117679,0,pdb_2,1.4142135623730951
57967,231,238,0.3681556342616204,0,common,1.0
57213,228,237,0.367822069125899,0,common,0.0
56715,226,241,0.3677382472289658,0,common,0.0
48644,194,202,0.3676927986871703,0,pdb_2,1.0
56454,225,231,0.367657359565949,0,common,2.23606797749979
56716,226,242,0.3675299475157722,0,common,0.0
58467,233,236,0.36713298721147336,0,common,0.0
59981,239,244,0.365865884301966,0,common,1.4142135623730951
49401,197,206,0.3654963512378499,0,pdb_1,1.0
57217,228,241,0.3645670292382581,0,common,1.0
48395,193,204,0.3645580484777046,0,common,1.0
57465,229,238,0.3632277310058786,0,common,0.0
55947,223,226,0.36291230678377995,0,pdb_2,0.0
54939,219,222,0.36242378963505184,0,common,0.0
46379,185,196,0.3623988990167028,0,common,2.0
54185,216,221,0.36158483393118684,0,common,0.0
61996,247,251,0.36109553015477175,0,pdb_2,1.0
53687,214,225,0.36098638703563257,0,pdb_2,0.0
55192,220,224,0.36063084931118955,0,common,0.0
47390,189,203,0.36001242446542103,0,common,1.0
56452,225,229,0.3597230591959013,0,pdb_1,1.0
53937,215,224,0.3596024156937845,0,common,0.0
59984,239,247,0.359395825822651,0,noise,3.1622776601683795
53439,213,228,0.3593910611274894,0,common,2.0
56213,224,241,0.3593711430049626,0,common,0.0
57209,228,233,0.35921763849617366,0,pdb_2,0.0
56458,225,235,0.3591985162464393,0,pdb_1,1.0
54458,217,243,0.3590375035484931,0,common,0.0
54962,219,245,0.35901188857757804,0,common,1.0
53186,212,226,0.3589386926739936,0,common,0.0
59476,237,241,0.3585572407971006,0,common,1.0
46120,184,188,0.35833710814665803,0,common,0.0
55445,221,226,0.3583299719890047,0,common,1.4142135623730951
48390,193,199,0.35820000039573296,0,common,1.0
46127,184,195,0.35767452112633663,0,pdb_1,1.0
45617,182,187,0.35761318097408895,0,common,0.0
52927,211,218,0.35709955591151926,0,common,0.0
56703,226,229,0.3563268423838306,0,common,0.0
56974,227,249,0.3561303916637043,0,noise,3.1622776601683795
59730,238,244,0.35602151899871093,0,common,2.23606797749979
60487,241,248,0.3555390735515429,0,pdb_2,1.0
57215,228,239,0.3553744322766754,0,common,0.0
48391,193,200,0.3553707998046784,0,common,1.4142135623730951
51411,205,208,0.35532304449517477,0,common,0.0
51663,206,209,0.3550395552269198,0,common,0.0
55961,223,240,0.35497213936102484,0,common,0.0
47632,190,194,0.3547031202835466,0,common,0.0
55443,221,224,0.3546677063130561,0,common,0.0
49406,197,211,0.3546581905071459,0,common,1.0
56200,224,228,0.3537412394548206,0,common,1.0
57471,229,244,0.3533801972129808,0,noise,3.1622776601683795
55948,223,227,0.35337486831999393,0,pdb_2,1.0
55965,223,244,0.35287005035965485,0,common,0.0
60485,241,246,0.3528344542715397,0,common,1.4142135623730951
58723,234,241,0.3525979002452786,0,pdb_1,2.23606797749979
55950,223,229,0.3522366281409393,0,common,2.23606797749979
56710,226,236,0.35181073028552756,0,pdb_1,1.0
48897,195,204,0.35177610387059105,0,common,0.0
46383,185,200,0.35157946807041757,0,common,0.0
52184,208,228,0.35116305583955043,0,common,1.0
49150,196,206,0.35090904284878877,0,pdb_1,1.4142135623730951
48891,195,198,0.35053358982589305,0,common,0.0
45873,183,192,0.3504617420082221,0,common,0.0
54715,218,249,0.35031695107698413,0,pdb_2,1.4142135623730951
60483,241,244,0.35015444473957313,0,common,1.4142135623730951
53709,214,247,0.3500817683765193,0,pdb_2,2.8284271247461903
54707,218,241,0.3499755162908228,0,common,1.0
46625,186,191,0.3492795571951666,0,common,0.0
55696,222,226,0.34917142479916224,0,pdb_2,1.0
48387,193,196,0.3487528727984614,0,common,0.0
54206,216,242,0.3485804402743685,0,common,0.0
57460,229,233,0.34849064449677114,0,common,0.0
57216,228,240,0.34821928531465884,0,common,0.0
56470,225,247,0.34766298995626826,0,pdb_2,1.4142135623730951
53708,214,246,0.3476181156988884,0,pdb_2,2.23606797749979
57973,231,244,0.3473281308950794,0,noise,4.47213595499958
56705,226,231,0.34674620367608494,0,common,1.4142135623730951
59983,239,246,0.3466185194541679,0,noise,3.1622776601683795
52935,211,226,0.3466075992516646,0,common,0.0
47883,191,194,0.3462310473196818,0,common,0.0
55193,220,225,0.34591473493489777,0,common,1.0
50659,202,209,0.34563388185695815,0,pdb_2,0.0
54183,216,219,0.3454648793599656,0,common,0.0
59979,239,242,0.3452602881006105,0,common,0.0
51159,204,207,0.34522011707000805,0,common,0.0
56451,225,228,0.3451402292311811,0,pdb_1,0.0
51668,206,214,0.3451097693123432,0,pdb_1,0.0
57459,229,232,0.3448823469223506,0,common,0.0
59985,239,248,0.34484911374450194,0,noise,3.0
54713,218,247,0.34462608036835957,0,pdb_2,1.4142135623730951
57470,229,243,0.34441972396603543,0,common,2.8284271247461903
47134,188,198,0.3443436827141757,0,pdb_1,0.0
50912,203,211,0.3440812556912019,0,common,0.0
52685,210,227,0.3437194794585393,0,common,1.0
53936,215,223,0.34349494025101096,0,common,0.0
45622,182,192,0.34342249486750714,0,common,1.0
49657,198,211,0.342955145676449,0,common,0.0
39317,157,162,0.9874241813913659,1,common,0.0
39819,159,162,0.7843055126946044,1,common,0.0
32764,131,135,0.6337679895942432,1,common,0.0
35283,141,144,0.6286552061777679,1,common,0.0
39568,158,162,0.591514036816358,1,common,0.0
38055,152,155,0.5835688631700479,1,common,0.0
38559,154,157,0.5207314670543636,1,common,0.0
39318,157,163,0.5078514536155134,1,common,0.0
39320,157,165,0.5070582574168171,1,pdb_1,0.0
37804,151,155,0.505560282865549,1,common,0.0
40071,160,163,0.5045812230732089,1,common,0.0
37301,149,154,0.49671856772316464,1,common,0.0
32512,130,134,0.4923511670131609,1,common,0.0
32511,130,133,0.4868100580518927,1,common,0.0
33015,132,135,0.4734185988170558,1,common,0.0
38056,152,156,0.4727040706455108,1,pdb_1,0.0
36291,145,148,0.469261609177712,1,pdb_2,0.0
37551,150,153,0.46200647297389946,1,common,0.0
35031,140,143,0.46076167998983736,1,common,0.0
34024,136,140,0.45969622526697196,1,common,0.0
38565,154,163,0.45799616115475017,1,common,0.0
35284,141,145,0.45345996996414256,1,common,0.0
35535,142,145,0.441161148603607,1,common,0.0
38564,154,162,0.4392249002190894,1,pdb_1,0.0
32768,131,139,0.43386739622824183,1,common,0.0
38307,153,156,0.4323765717622513,1,common,0.0
33267,133,136,0.43164585514804504,1,common,0.0
38815,155,162,0.42407226201417997,1,pdb_1,1.0
37048,148,152,0.41758290953455574,1,common,1.0
38308,153,157,0.40602290176151234,1,common,0.0
39316,157,161,0.400150918976817,1,common,0.0
34277,137,142,0.39994328530029466,1,common,0.0
34528,138,142,0.39811292860069125,1,common,0.0
32765,131,136,0.39554605258800124,1,common,0.0
34275,137,140,0.39424472534868316,1,common,0.0
34527,138,141,0.39081094641357106,1,common,0.0
40323,161,164,0.38895402195670087,1,common,0.0
37300,149,153,0.38616686705279707,1,common,0.0
33773,135,140,0.38595964060473087,1,common,0.0
37803,151,154,0.3844862553703169,1,common,0.0
39820,159,163,0.38078402879257567,1,common,0.0
32262,129,135,0.3800342034290819,1,pdb_2,1.0
33771,135,138,0.37877817841428274,1,common,0.0
35032,140,144,0.37552515306287493,1,pdb_2,0.0
38816,155,163,0.37049893967564135,1,common,0.0
35789,143,148,0.3678751087526101,1,pdb_2,0.0
38313,153,162,0.36609617798401517,1,pdb_1,0.0
38811,155,158,0.3658756086006844,1,common,0.0
35538,142,148,0.36497389744286673,1,pdb_2,0.0
38058,152,158,0.3647340132233755,1,pdb_1,1.0
36544,146,150,0.3646565290505014,1,pdb_2,0.0
40072,160,164,0.3643101248726186,1,common,0.0
33016,132,136,0.363882872987327,1,common,0.0
33772,135,139,0.36332129204188524,1,common,0.0
36297,145,154,0.35703131197062554,1,pdb_2,0.0
39821,159,164,0.3542572529652006,1,common,0.0
33274,133,143,0.3539393315259257,1,common,2.23606797749979
32766,131,137,0.3538264710245743,1,pdb_2,0.0
39063,156,159,0.35313677995306403,1,common,0.0
37808,151,159,0.3526649560318455,1,common,2.0
36042,144,150,0.3519101750664881,1,pdb_2,0.0
34276,137,141,0.3518118059039224,1,common,0.0
35541,142,151,0.3516103542092276,1,pdb_2,0.0
32771,131,142,0.3495379703429571,1,noise,3.0
33017,132,137,0.34941110165723216,1,common,0.0
35787,143,146,0.34900686784787177,1,common,0.0
35797,143,156,0.3479265702179011,1,pdb_2,2.8284271247461903
32267,129,140,0.3478644774216058,1,common,2.23606797749979
33023,132,143,0.34619829387218276,1,noise,3.1622776601683795
36048,144,156,0.34467915224974865,1,pdb_2,2.23606797749979
32269,129,142,0.3429784094647451,1,noise,3.605551275463989
36293,145,150,0.3429721712341892,1,pdb_2,0.0
36798,147,153,0.34278248468768513,1,pdb_2,0.0
37047,148,151,0.3425040124416114,1,common,0.0
45669,182,239,0.9847823469034318,2,common,0.0
45667,182,237,0.9727848086158937,2,common,0.0
45169,180,241,0.9273443384111649,2,common,0.0
46169,184,237,0.9229979799146306,2,common,0.0
46168,184,236,0.843883470582016,2,common,0.0
45919,183,238,0.7469501154992493,2,common,0.0
45921,183,240,0.7223073308403251,2,common,0.0
45671,182,241,0.7172826900752158,2,common,0.0
45167,180,239,0.7163954674422987,2,common,0.0
45421,181,242,0.6718826621776597,2,common,0.0
47174,188,238,0.6636158110466354,2,common,0.0
45666,182,236,0.6204591375081583,2,common,0.0
43415,173,244,0.6072354008651119,2,common,0.0
46418,185,235,0.6023401107739186,2,common,0.0
46421,185,238,0.5980069829461706,2,common,0.0
45419,181,240,0.5694319781616353,2,common,0.0
43162,172,242,0.5659276739505149,2,common,0.0
42407,169,240,0.5624512263301182,2,common,0.0
43413,173,242,0.5303366708440221,2,common,0.0
42409,169,242,0.5240485849059002,2,common,0.0
44919,179,242,0.5147301637445493,2,common,0.0
44918,179,241,0.5063612495152986,2,common,0.0
44668,178,242,0.4985910938304703,2,common,0.0
45923,183,242,0.47795558590139364,2,pdb_1,1.0
43160,172,240,0.46125145046084687,2,common,0.0
42660,170,242,0.4574914171165286,2,common,0.0
46420,185,237,0.4502515622674956,2,common,0.0
46668,186,234,0.4477821971381721,2,common,1.0
43666,174,244,0.4441753228782915,2,common,0.0
46670,186,236,0.4365058709546846,2,common,0.0
45165,180,237,0.43107112838709644,2,common,1.0
46419,185,236,0.427016003598809,2,common,0.0
45918,183,237,0.3969526920696643,2,common,0.0
44667,178,241,0.3935383121473768,2,common,0.0
42158,168,242,0.3912306778027282,2,common,0.0
47176,188,240,0.3896798822770795,2,common,0.0
43664,174,242,0.3870639928844019,2,common,0.0
44920,179,243,0.3848953423925445,2,common,0.0
44665,178,239,0.38471609916106175,2,common,1.0
42405,169,238,0.38332016386360906,2,common,0.0
44670,178,244,0.3819018639940398,2,common,0.0
45668,182,238,0.3809479278861392,2,common,0.0
43917,175,244,0.3805086146102044,2,pdb_1,0.0
44921,179,244,0.3801048347889111,2,common,0.0
45417,181,238,0.37550752908914226,2,common,0.0
44416,177,241,0.3721499582066154,2,common,1.0
43915,175,242,0.3709736367480636,2,common,1.0
44168,176,244,0.3661586414544703,2,common,0.0
45920,183,239,0.36598618549765644,2,common,0.0
46671,186,237,0.36240059097772775,2,common,0.0
44917,179,240,0.3621509850633006,2,common,0.0
47178,188,242,0.36139872186758226,2,common,2.0
45168,180,240,0.3608060904592163,2,common,0.0
46417,185,234,0.35958985039726776,2,common,0.0
43667,174,245,0.35957864005060114,2,pdb_2,1.0
46167,184,235,0.35914741203271733,2,common,0.0
44166,176,242,0.3588859831312972,2,common,0.0
44417,177,242,0.35501457853940094,2,common,0.0
43416,173,245,0.3548526923570329,2,pdb_2,0.0
42913,171,244,0.3541049048044407,2,pdb_1,1.4142135623730951
45171,180,243,0.3531490587033698,2,common,0.0
44669,178,243,0.3519042973176115,2,common,0.0
46166,184,234,0.35186854529030803,2,common,1.0
45422,181,243,0.34970349554410296,2,pdb_1,0.0
42911,171,242,0.34894034090241205,2,common,0.0
42662,170,244,0.34809259090831285,2,common,2.0
44414,177,239,0.348030224905268,2,common,1.4142135623730951
47422,189,235,0.34769985246516943,2,common,1.4142135623730951
44165,176,241,0.34742790842748195,2,common,1.0
45420,181,241,0.34715720160551333,2,common,0.0
42411,169,244,0.3450424966780221,2,common,2.0
44672,178,246,0.34433773996146033,2,pdb_2,1.0
45172,180,244,0.34431121046061264,2,common,1.0
46922,187,237,0.34401073247330277,2,common,0.0
47173,188,237,0.3430446780825601,2,common,0.0
23202,93,111,0.9743058279385625,3,common,0.0
29245,117,130,0.9723252239245269,3,common,0.0
29745,119,128,0.9699671603550514,3,common,0.0
30243,121,124,0.9686552051443993,3,common,0.0
27477,110,119,0.9672382963164031,3,pdb_2,0.0
24704,99,107,0.9522363467054115,3,pdb_2,0.0
24204,97,109,0.9522115454653505,3,pdb_2,0.0
24702,99,105,0.9492061599386441,3,pdb_2,1.0
24454,98,108,0.9433525309787868,3,pdb_2,0.0
24954,100,106,0.9420783765702517,3,pdb_2,0.0
30245,121,126,0.9411425884843871,3,common,0.0
23954,96,110,0.937992052270855,3,common,0.0
26975,108,119,0.9267675585499169,3,pdb_2,0.0
23704,95,111,0.9257133714935518,3,common,0.0
26977,108,121,0.9222206591375609,3,pdb_2,0.0
23454,94,112,0.9221761428305592,3,common,0.0
28994,116,130,0.9183488887022037,3,common,0.0
23702,95,109,0.9035239968872142,3,pdb_2,0.0
24953,100,105,0.8992372734184474,3,pdb_2,1.0
22451,90,113,0.8943248976162366,3,common,0.0
23956,96,112,0.8933519759114179,3,common,0.0
28996,116,132,0.8840654609007484,3,common,0.0
24202,97,107,0.8824314252030666,3,pdb_2,0.0
24456,98,110,0.8822155983325377,3,pdb_2,0.0
24955,100,107,0.882077028202553,3,pdb_2,1.0
24956,100,108,0.878622251401761,3,pdb_2,0.0
21696,87,111,0.8724087421222507,3,pdb_2,0.0
22702,91,113,0.8705982486332732,3,common,0.0
26477,106,123,0.8699220776600013,3,pdb_2,0.0
22449,90,111,0.8602336421754194,3,pdb_2,0.0
29495,118,129,0.8449290511492286,3,common,0.0
24703,99,106,0.8415803240300718,3,pdb_2,0.0
23204,93,113,0.8414626847711537,3,common,0.0
29243,117,128,0.838727577894655,3,common,0.0
24705,99,108,0.8218691105956404,3,pdb_2,0.0
25455,102,105,0.8191783095243718,3,pdb_2,0.0
26727,107,122,0.8069217626730514,3,pdb_2,0.0
24465,98,119,0.806114249738651,3,pdb_2,0.0
25204,101,105,0.7868307162471259,3,pdb_2,1.0
22700,91,111,0.780395381950928,3,common,0.0
24453,98,107,0.7744157435698179,3,pdb_2,0.0
29493,118,127,0.7701365406856215,3,pdb_2,0.0
27229,109,122,0.7662708117532101,3,pdb_2,0.0
24952,100,104,0.765792198467529,3,pdb_2,0.0
26476,106,122,0.7576785455442165,3,pdb_2,0.0
26475,106,121,0.7545871475501471,3,pdb_2,0.0
29247,117,132,0.7409632669624147,3,common,0.0
25975,104,123,0.7349676459512682,3,pdb_2,0.0
24701,99,104,0.7090005434963341,3,pdb_2,0.0
29993,120,125,0.7049665744182355,3,pdb_2,0.0
29249,117,134,0.6995473801068152,3,pdb_2,0.0
27475,110,117,0.6936752343748257,3,pdb_2,0.0
21452,86,118,0.6905654803502765,3,common,0.0
28745,115,132,0.6858660093170188,3,common,0.0
24951,100,103,0.6834236593070253,3,pdb_2,0.0
22954,92,114,0.6789419999174431,3,common,0.0
25974,104,122,0.6661540484759061,3,pdb_2,0.0
28997,116,133,0.6640450568823082,3,common,0.0
26978,108,122,0.6527883176585791,3,pdb_2,0.0
27227,109,120,0.6520573642456464,3,pdb_2,0.0
25707,103,106,0.6509207927887378,3,pdb_2,0.0
24452,98,106,0.6359890491398463,3,pdb_2,0.0
21445,86,111,0.6323111542866116,3,pdb_2,0.0
24969,100,121,0.6274872747307554,3,pdb_2,0.0
30247,121,128,0.6242941264267908,3,common,0.0
27977,112,117,0.6217793574443676,3,pdb_2,0.0
23456,94,114,0.6124902795802231,3,common,0.0
26726,107,121,0.6101549512745351,3,pdb_2,0.0
23457,94,115,0.6054696993835625,3,common,0.0
25205,101,106,0.6042534827045554,3,pdb_2,0.0
28742,115,129,0.6038473204616331,3,common,0.0
24958,100,110,0.6036725715752517,3,pdb_2,1.0
25203,101,104,0.6023673517466441,3,pdb_2,0.0
23953,96,109,0.5959129272558933,3,pdb_2,0.0
22955,92,115,0.5916819273393907,3,common,0.0
24455,98,109,0.585499376515382,3,pdb_2,0.0
24706,99,109,0.5815942583055471,3,pdb_2,0.0
28243,113,132,0.5794277363230318,3,common,0.0
25206,101,107,0.5792928142453252,3,pdb_2,0.0
27727,111,118,0.5790564512207538,3,pdb_2,0.0
28497,114,135,0.563699539741194,3,common,0.0
25457,102,107,0.5635804379104895,3,pdb_2,0.0
24203,97,108,0.5629642474301079,3,pdb_2,0.0
26478,106,124,0.5613619056715761,3,pdb_2,0.0
21949,88,113,0.5607042890585855,3,pdb_2,1.0
29248,117,133,0.5577739375724372,3,common,0.0
29995,120,127,0.5575997828992696,3,common,0.0
22953,92,113,0.5575424263503616,3,common,0.0
22202,89,115,0.5531579350499868,3,common,0.0
25456,102,106,0.5529851800660217,3,pdb_2,0.0
23452,94,110,0.5404888318981064,3,common,0.0
23705,95,112,0.5374894400924842,3,common,0.0
26728,107,123,0.5270968838822829,3,pdb_2,0.0
22201,89,114,0.5247705498610602,3,common,0.0
23963,96,119,0.5240443672860484,3,pdb_2,0.0
20692,83,111,0.5180244507223588,3,pdb_2,2.0
24205,97,110,0.5114429866705202,3,common,0.0
25708,103,107,0.5111289139152311,3,pdb_2,0.0
27975,112,115,0.5021485042745807,3,common,0.0
28998,116,134,0.5007792462150688,3,common,0.0
25973,104,121,0.49586432061713465,3,pdb_2,0.0
25959,104,107,0.4942680212699058,3,pdb_2,0.0
22952,92,112,0.49358452500493144,3,common,0.0
29747,119,130,0.49239064920696707,3,common,0.0
25724,103,123,0.4910832594352497,3,pdb_2,0.0
26225,105,122,0.4869466919631177,3,pdb_2,0.0
21698,87,113,0.4865262321200659,3,common,1.4142135623730951
26226,105,123,0.48473186631342596,3,pdb_2,0.0
23453,94,111,0.4834110847429288,3,common,0.0
24700,99,103,0.4831185740133706,3,pdb_2,0.0
23200,93,109,0.47926058184112474,3,pdb_2,0.0
22456,90,118,0.47859899133395106,3,common,0.0
23703,95,110,0.4780729464594061,3,common,0.0
25722,103,121,0.474098847403761,3,pdb_2,0.0
27729,111,120,0.46912656985263523,3,pdb_2,0.0
24217,97,122,0.46349393487348567,3,pdb_2,0.0
23205,93,114,0.4606979887399776,3,common,0.0
22452,90,114,0.4587049446091441,3,common,0.0
24967,100,119,0.45515414426174855,3,pdb_2,1.0
24467,98,121,0.4548800339684904,3,pdb_2,0.0
23959,96,115,0.45407115266197745,3,pdb_2,1.0
28227,113,116,0.4527850222488432,3,common,0.0
29751,119,134,0.4510808159078728,3,pdb_2,0.0
27992,112,132,0.4503700368068787,3,common,0.0
26984,108,128,0.4474542270758134,3,pdb_2,0.0
28731,115,118,0.44556407579716706,3,common,0.0
27492,110,134,0.44342992371059836,3,common,0.0
28744,115,131,0.44331300028056664,3,common,0.0
28748,115,135,0.4432843219957006,3,common,0.0
26224,105,121,0.44297868590100276,3,pdb_2,1.0
21449,86,115,0.4424553269538428,3,common,0.0
30244,121,125,0.4418873899308751,3,common,0.0
24972,100,124,0.4409940980703662,3,pdb_2,0.0
24458,98,112,0.4402986692395782,3,pdb_2,0.0
25709,103,108,0.4397295898498233,3,pdb_2,0.0
20448,82,118,0.43954084515317543,3,common,1.0
26729,107,124,0.4380100213444828,3,pdb_2,0.0
22453,90,115,0.4362300821040772,3,common,0.0
25473,102,123,0.4356888109799138,3,pdb_2,0.0
27479,110,121,0.4349296207211691,3,pdb_2,0.0
28995,116,131,0.4345604451482491,3,common,0.0
20690,83,109,0.43327063747345307,3,pdb_2,0.0
24721,99,124,0.43318130145515754,3,pdb_2,0.0
24719,99,122,0.4324318126142999,3,pdb_2,0.0
24451,98,105,0.43205521130078595,3,pdb_2,1.0
28747,115,134,0.431309167787827,3,pdb_2,0.0
21694,87,109,0.4311953162772237,3,pdb_2,0.0
23460,94,118,0.4290643862961467,3,pdb_2,0.0
24718,99,121,0.4289426699566846,3,pdb_2,0.0
25976,104,124,0.4259942611803142,3,pdb_2,0.0
23206,93,115,0.4236692067346843,3,common,0.0
23952,96,108,0.4235808391197505,3,pdb_2,0.0
23955,96,111,0.4228742922021155,3,common,0.0
27998,112,138,0.4222846188930265,3,common,0.0
24201,97,106,0.42167611892345375,3,pdb_2,1.0
20701,83,120,0.4214499710501667,3,pdb_2,0.0
26979,108,123,0.42138312629479596,3,pdb_2,0.0
21454,86,120,0.4212757677013729,3,common,0.0
27994,112,134,0.41695912186806,3,common,0.0
24221,97,126,0.41661327529955233,3,pdb_2,1.0
29743,119,126,0.4159544334028317,3,common,0.0
22454,90,116,0.41490386618174585,3,pdb_1,1.0
21447,86,113,0.41463250637452365,3,pdb_2,2.0
20703,83,122,0.41373807481802405,3,pdb_2,0.0
24463,98,117,0.41174583997317965,3,pdb_2,0.0
25960,104,108,0.4103356302215346,3,pdb_2,0.0
28494,114,132,0.410068849002198,3,common,0.0
23203,93,112,0.4100315238096968,3,common,0.0
22450,90,112,0.4091055616424559,3,pdb_2,0.0
22200,89,113,0.40643273733992474,3,common,0.0
25458,102,108,0.40630501898409266,3,pdb_2,0.0
22205,89,118,0.4061121524638738,3,pdb_2,0.0
24699,99,102,0.40554513215016863,3,pdb_2,0.0
28992,116,128,0.40501836813587616,3,common,1.0
28493,114,131,0.40301854514710483,3,common,0.0
21947,88,111,0.40254011434363823,3,pdb_2,0.0
28228,113,117,0.400730181668546,3,common,0.0
21703,87,118,0.4000049668549441,3,common,0.0
21443,86,109,0.3996240815578256,3,pdb_2,0.0
30495,122,125,0.39928483745326987,3,common,0.0
27976,112,116,0.3983174787924352,3,common,0.0
26227,105,124,0.3977138607852924,3,pdb_2,1.0
28245,113,134,0.39627579822344533,3,common,0.0
29497,118,131,0.3962482157289486,3,pdb_2,0.0
23209,93,118,0.3955085675255531,3,pdb_2,0.0
24720,99,123,0.3951638411874695,3,pdb_2,0.0
24957,100,109,0.3934214298987537,3,pdb_2,0.0
27978,112,118,0.39332491199940367,3,pdb_2,0.0
28743,115,130,0.39316287344136797,3,common,0.0
24223,97,128,0.3916840031044798,3,pdb_2,1.0
24450,98,104,0.3914802189429701,3,pdb_2,1.0
28229,113,118,0.39002745233387,3,pdb_2,0.0
22956,92,116,0.3891421930863319,3,pdb_2,0.0
26473,106,119,0.3884356070354173,3,pdb_2,1.0
20943,84,111,0.3882516386177747,3,pdb_2,2.0
26980,108,124,0.3861074990099714,3,pdb_2,0.0
20450,82,120,0.38344212982019593,3,pdb_2,0.0
19950,80,122,0.38319588645138136,3,common,2.23606797749979
22704,91,115,0.3817348069007084,3,common,0.0
28733,115,120,0.38090545216320376,3,pdb_1,0.0
23471,94,129,0.3807385546164177,3,pdb_1,2.0
29000,116,136,0.3804055881667577,3,pdb_2,0.0
23706,95,113,0.38003848612327407,3,common,0.0
28501,114,139,0.3798813180786483,3,common,0.0
27226,109,119,0.37857541368845343,3,pdb_2,0.0
19697,79,120,0.378490403441238,3,pdb_2,0.0
21198,85,115,0.3783786057526335,3,common,0.0
26211,105,108,0.3782475196568476,3,pdb_2,0.0
23961,96,117,0.37811516852527216,3,pdb_2,0.0
24206,97,111,0.3761632563305704,3,common,0.0
24195,97,100,0.3752430149736943,3,pdb_2,0.0
27486,110,128,0.37519293642208534,3,pdb_2,0.0
23207,93,116,0.3744142675987313,3,pdb_2,0.0
23223,93,132,0.37399278229134775,3,common,0.0
29992,120,124,0.3738899520113774,3,pdb_2,0.0
25474,102,124,0.3738050659604038,3,pdb_2,0.0
24970,100,122,0.3736130528372886,3,pdb_2,0.0
27488,110,130,0.37189584112548324,3,pdb_2,0.0
21950,88,114,0.3715171025464939,3,common,0.0
25207,101,108,0.3708307076748409,3,pdb_2,0.0
21201,85,118,0.3707750452501114,3,pdb_2,0.0
20699,83,118,0.3684772186677034,3,pdb_2,0.0
24207,97,112,0.3677986152154414,3,common,0.0
28993,116,129,0.36726256348996006,3,common,0.0
25471,102,121,0.36641296730932676,3,pdb_2,0.0
28500,114,138,0.3661717091899251,3,pdb_2,0.0
24449,98,103,0.3660705600674779,3,pdb_2,0.0
27995,112,135,0.36562755515659134,3,common,0.0
27228,109,121,0.36558471243875995,3,pdb_2,0.0
25220,101,121,0.36535595936675164,3,pdb_2,0.0
24707,99,110,0.3645396006829769,3,pdb_2,1.0
26973,108,117,0.36322254973503637,3,pdb_2,1.0
26730,107,125,0.363205489645355,3,pdb_2,1.0
27219,109,112,0.36249265251749135,3,pdb_2,0.0
25723,103,122,0.36241578581679035,3,pdb_2,0.0
23709,95,116,0.3617367250505052,3,pdb_2,0.0
22698,91,109,0.36053030634680244,3,pdb_2,1.0
24974,100,126,0.35992471103538787,3,pdb_2,1.0
24971,100,123,0.3596912558022963,3,pdb_2,0.0
23691,95,98,0.3596840947578202,3,pdb_2,0.0
25472,102,122,0.3594634563464302,3,pdb_2,0.0
25725,103,124,0.35910413571089467,3,pdb_2,0.0
24216,97,121,0.35905817151048147,3,pdb_2,0.0
24468,98,122,0.3590453024284647,3,pdb_2,0.0
25711,103,110,0.35885577902859545,3,pdb_2,1.4142135623730951
23208,93,117,0.3587860571560215,3,pdb_2,0.0
23474,94,132,0.3586693662456132,3,common,0.0
19699,79,122,0.3582467175517137,3,common,2.0
27234,109,127,0.3579920407127953,3,pdb_2,0.0
29491,118,125,0.35740964236171346,3,common,1.4142135623730951
29739,119,122,0.35662352578196915,3,common,0.0
23707,95,114,0.35606405736462005,3,common,0.0
27225,109,118,0.3560330082873604,3,pdb_2,0.0
27490,110,132,0.35575357051114825,3,common,1.0
29991,120,123,0.3557302422873791,3,common,0.0
25971,104,119,0.35536408792548196,3,pdb_2,1.0
23439,94,97,0.3539639028598911,3,common,0.0
30747,123,126,0.3537350193683428,3,common,0.0
25961,104,109,0.3536492245571615,3,pdb_2,1.0
23188,93,97,0.35319112531006985,3,common,1.0
22447,90,109,0.3524960669958053,3,pdb_2,0.0
22697,91,108,0.35239118133411984,3,pdb_2,1.4142135623730951
28999,116,135,0.352331236496704,3,common,0.0
23944,96,100,0.35194568231533446,3,pdb_2,0.0
29496,118,130,0.3514528415400312,3,common,0.0
22455,90,117,0.35117608971988085,3,pdb_1,1.0
28482,114,120,0.35108341141232424,3,pdb_1,1.0
23721,95,128,0.35091170453707515,3,noise,3.0
26731,107,126,0.35080582251114917,3,pdb_2,0.0
23973,96,129,0.3502703794828038,3,pdb_2,2.23606797749979
27743,111,134,0.3499663556142484,3,common,0.0
24976,100,128,0.3499361469599075,3,pdb_2,1.0
25222,101,123,0.3497317982432247,3,pdb_2,0.0
28244,113,133,0.3489682794842132,3,common,0.0
27989,112,129,0.34846913170255217,3,pdb_2,0.0
27726,111,117,0.3482662452500715,3,pdb_2,0.0
27979,112,119,0.34815602026339515,3,pdb_2,0.0
22705,91,116,0.34765558593919127,3,pdb_2,1.0
28753,115,140,0.3474573477096727,3,common,1.0
23700,95,107,0.34672848908275394,3,pdb_2,0.0
24723,99,126,0.34635986448287565,3,pdb_2,1.0
23187,93,96,0.34608096329602406,3,common,0.0
27474,110,116,0.3456146835766333,3,pdb_2,0.0
21446,86,112,0.34527406025998625,3,pdb_2,1.0
24199,97,104,0.34474351983696333,3,pdb_2,1.4142135623730951
28480,114,118,0.3443353098804841,3,pdb_2,0.0
27481,110,123,0.34384809014093093,3,pdb_2,1.0
21456,86,122,0.34370926405661634,3,common,1.0
27741,111,132,0.343686035108839,3,common,0.0
23473,94,131,0.34306082005300637,3,pdb_1,0.0
27221,109,114,0.3430108651448485,3,pdb_1,1.4142135623730951
29244,117,129,0.34264754253452046,3,common,0.0
15187,61,128,0.966401584574052,4,common,0.0
15937,64,125,0.9532480028220186,4,common,0.0
15185,61,126,0.9117466148286493,4,common,0.0
14687,59,130,0.8865929941570199,4,common,0.0
14937,60,129,0.878727266608729,4,common,0.0
15439,62,129,0.867684644982079,4,common,0.0
15687,63,126,0.863065237262756,4,common,0.0
13937,56,133,0.8232234321970648,4,pdb_1,0.0
13187,53,136,0.7958867060991169,4,noise,3.0
15437,62,127,0.7668248260086642,4,common,0.0
14685,59,128,0.7591315609037315,4,common,0.0
15939,64,127,0.6958013043845476,4,common,0.0
16187,65,124,0.6920737763810249,4,pdb_1,0.0
12936,52,136,0.6822088368080104,4,noise,4.0
14188,57,133,0.6552869728338248,4,common,0.0
14939,60,131,0.5703020067394318,4,common,0.0
11433,46,139,0.5621240184476721,4,common,0.0
15685,63,124,0.55776234653439,4,pdb_1,0.0
15183,61,124,0.5539499011757757,4,pdb_1,1.0
10680,43,139,0.5419234137441263,4,common,0.0
16186,65,123,0.540118246140372,4,pdb_1,1.0
11430,46,136,0.522715883689541,4,common,0.0
12434,50,136,0.5200504561742546,4,noise,3.0
13940,56,136,0.5108686846429996,4,pdb_1,0.0
16188,65,125,0.49989890377964685,4,pdb_1,0.0
14185,57,130,0.48577332885613,4,common,0.0
12933,52,133,0.4810321483375738,4,noise,4.0
12940,52,140,0.4756868364242894,4,noise,4.0
15932,64,120,0.46914271943443453,4,pdb_2,0.0
11429,46,135,0.464512213946913,4,pdb_1,0.0
11685,47,140,0.4523939950259849,4,common,0.0
16692,67,127,0.4481547885411978,4,pdb_1,0.0
13191,53,140,0.4433703025524609,4,noise,3.0
13182,53,131,0.44234172270936173,4,noise,3.0
12685,51,136,0.43421293514704773,4,noise,4.0
11688,47,143,0.4285194669739822,4,common,0.0
14439,58,133,0.4262028284843265,4,common,0.0
14944,60,136,0.4243341382377495,4,common,0.0
13934,56,130,0.4231294727364762,4,pdb_1,0.0
14683,59,126,0.4228517842483085,4,common,1.0
13686,55,133,0.4221495575663596,4,pdb_1,1.0
14442,58,136,0.41875431475697905,4,common,0.0
15686,63,125,0.41678937575157765,4,pdb_1,0.0
14674,59,117,0.41199043904142824,4,common,0.0
13184,53,133,0.41127293992177033,4,noise,3.0
10681,43,140,0.40710844782345845,4,common,0.0
16941,68,125,0.40607459174968824,4,pdb_1,1.0
14436,58,130,0.4055368376303696,4,common,0.0
12438,50,140,0.4031969862857737,4,pdb_1,2.0
15180,61,121,0.39837244908050634,4,pdb_1,1.0
14691,59,134,0.3973758265727472,4,pdb_2,0.0
9676,39,139,0.39731375330290153,4,common,0.0
15436,62,126,0.3951841550529954,4,common,0.0
11434,46,140,0.39118511080194435,4,common,0.0
12689,51,140,0.3873645692731033,4,noise,3.0
10684,43,143,0.38579804399718565,4,pdb_2,0.0
12690,51,141,0.3825424431415244,4,noise,3.1622776601683795
16189,65,126,0.3798290608430655,4,pdb_1,0.0
13435,54,133,0.37773096477749174,4,pdb_1,2.0
15441,62,131,0.37735000605608804,4,pdb_1,1.0
10934,44,142,0.37635132019715056,4,pdb_2,1.0
16939,68,123,0.37581850848772147,4,pdb_1,2.23606797749979
10683,43,142,0.3748535434067971,4,pdb_2,0.0
14191,57,136,0.3744622078622074,4,common,0.0
13438,54,136,0.37359224142870245,4,pdb_1,2.0
13190,53,139,0.3727264435195337,4,noise,3.1622776601683795
16694,67,129,0.37199528648020275,4,pdb_1,2.0
14690,59,133,0.3710795916195912,4,pdb_1,0.0
12682,51,133,0.3707314936883335,4,noise,5.0
11182,45,139,0.3661811575263904,4,common,1.0
13920,56,116,0.3657339601478315,4,pdb_1,1.0
10929,44,137,0.3657266344507556,4,common,1.4142135623730951
10677,43,136,0.36568148270171325,4,common,0.0
12437,50,139,0.36461849559263293,4,pdb_1,2.23606797749979
10679,43,138,0.35951955158983323,4,common,0.0
13192,53,141,0.35735666007760897,4,noise,3.1622776601683795
12183,49,136,0.35729263673517864,4,pdb_1,2.0
13936,56,132,0.3567121702348341,4,pdb_1,0.0
9675,39,138,0.35551238234369503,4,common,1.0
14422,58,116,0.35382174897337404,4,common,0.0
12441,50,143,0.35329724404440666,4,noise,3.0
12941,52,141,0.3532941777342766,4,noise,4.123105625617661
12435,50,137,0.3531834450531576,4,noise,3.0
11432,46,138,0.35128920738915514,4,pdb_1,1.0
14689,59,132,0.350164739533523,4,common,0.0
12939,52,139,0.3493283260703421,4,noise,4.123105625617661
12187,49,140,0.3491259879365783,4,pdb_1,1.0
12439,50,141,0.3481956902588461,4,pdb_1,2.23606797749979
10429,42,139,0.34810807924370796,4,common,0.0
12692,51,143,0.3479011521929748,4,noise,4.0
10178,41,139,0.3473904638666952,4,pdb_2,0.0
14943,60,135,0.34676826544032335,4,pdb_2,1.0
14935,60,127,0.34651410114020426,4,common,0.0
15935,64,123,0.3459702180820102,4,pdb_1,0.0
11937,48,141,0.34561441330681214,4,pdb_1,1.0
15428,62,118,0.34552402534598575,4,pdb_2,0.0
15682,63,121,0.34535466064058556,4,pdb_1,1.0
14676,59,119,0.3444329654227894,4,common,1.0
14679,59,122,0.3443640126562659,4,pdb_1,1.0
14924,60,116,0.34434570744295145,4,common,1.0
13683,55,130,0.3442229610091033,4,pdb_1,1.0
11687,47,142,0.34356451740750704,4,pdb_1,0.0
12436,50,138,0.343514676578797,4,pdb_1,2.8284271247461903
11436,46,142,0.3434532445852548,4,common,1.0
13442,54,140,0.34340255737415976,4,pdb_1,2.0
15435,62,125,0.34329215730402274,4,common,0.0
14941,60,133,0.3429591488394656,4,common,1.0
14187,57,132,0.3429508265015611,4,common,0.0
15431,62,121,0.34271622988047323,4,pdb_1,0.0
19155,77,80,0.950410537482789,5,common,0.0
16894,68,78,0.9496674969435046,5,common,0.0
16891,68,75,0.9459878796621474,5,common,0.0
16889,68,73,0.9397599133808276,5,common,0.0
18399,74,77,0.924061850457816,5,common,0.0
18149,73,78,0.9093503118655,5,common,0.0
15894,64,82,0.8931195039423826,5,common,0.0
15890,64,78,0.8783938139467182,5,common,0.0
16138,65,75,0.8703389435252791,5,common,0.0
20919,84,87,0.8632886849121246,5,common,0.0
15891,64,79,0.8448894963711654,5,common,0.0
18904,76,80,0.8363068034292692,5,common,0.0
19912,80,84,0.8348688267082522,5,common,0.0
21676,87,91,0.8305297115301792,5,common,0.0
20163,81,84,0.8294360350123667,5,common,0.0
16132,65,69,0.8200432975337248,5,common,0.0
16890,68,74,0.7961815701077681,5,common,0.0
21927,88,91,0.7577490028598792,5,common,0.0
15887,64,75,0.754957320566108,5,common,0.0
18148,73,77,0.7530772511771048,5,common,0.0
18152,73,81,0.7218493971844531,5,common,0.0
16893,68,77,0.7147500435669608,5,common,0.0
16383,66,69,0.6954218284462003,5,common,0.0
19911,80,83,0.6603614322493664,5,common,0.0
17141,69,74,0.6553790722320245,5,common,0.0
16131,65,68,0.6519693118449263,5,common,0.0
15627,63,66,0.6461628415242955,5,common,0.0
21678,87,93,0.6318062022849876,5,pdb_2,0.0
21675,87,90,0.6266243092707879,5,common,0.0
18400,74,78,0.6248780081773602,5,common,0.0
15880,64,68,0.6146078125367025,5,common,0.0
16892,68,76,0.6081277709975611,5,common,0.0
15376,62,66,0.6078870913889458,5,common,0.0
18651,75,78,0.6054156467723076,5,common,0.0
19156,77,81,0.6049729542505344,5,common,0.0
16643,67,78,0.5979151476927148,5,common,0.0
16898,68,82,0.5903234629899099,5,common,0.0
22431,90,93,0.5679570730670961,5,common,0.0
17142,69,75,0.564997053156279,5,common,0.0
19660,79,83,0.5589775158652679,5,common,0.0
18402,74,80,0.5569346638610698,5,common,0.0
17139,69,72,0.5558718088798279,5,common,0.0
18903,76,79,0.5528793498127823,5,common,0.0
20668,83,87,0.545876573420701,5,common,0.0
15377,62,67,0.5452293216833995,5,common,0.0
19407,78,81,0.5235017123388324,5,common,0.0
18908,76,84,0.5041588031388535,5,common,1.0
16647,67,82,0.5002762724687106,5,common,0.0
18652,75,79,0.49998223925169494,5,common,0.0
21680,87,95,0.4984321726533031,5,pdb_2,0.0
16139,65,76,0.4948027452378052,5,pdb_1,0.0
16636,67,71,0.49384219437987237,5,common,0.0
20920,84,88,0.48103275599991835,5,common,0.0
16384,66,70,0.47292311983263174,5,common,0.0
17896,72,76,0.47228404158243537,5,common,1.0
21928,88,92,0.4675118193011637,5,common,0.0
21171,85,88,0.46713057176425504,5,common,0.0
17143,69,76,0.455734637499304,5,common,1.0
17647,71,78,0.4502808005199239,5,common,0.0
16141,65,78,0.44603925994873306,5,common,0.0
18653,75,80,0.4353629243790556,5,common,0.0
17897,72,77,0.4351433043309284,5,common,0.0
18907,76,83,0.4328463694288601,5,common,0.0
21424,86,90,0.43161319635966905,5,common,0.0
16137,65,74,0.4286144818117569,5,common,0.0
16895,68,79,0.4268184191345731,5,common,0.0
18147,73,76,0.42079698764333007,5,common,0.0
16897,68,81,0.42047217707882556,5,pdb_1,0.0
15895,64,83,0.4189407087494062,5,common,0.0
16142,65,79,0.41576183870871575,5,common,0.0
20667,83,86,0.4145174026129131,5,common,0.0
18153,73,82,0.41263298201559945,5,pdb_1,0.0
21423,86,89,0.40689017038951053,5,common,0.0
18654,75,81,0.4058641463599659,5,common,0.0
15392,62,82,0.40547413467490523,5,common,0.0
16638,67,73,0.4024986744405128,5,common,0.0
17898,72,78,0.40140256401168534,5,common,0.0
20164,81,85,0.4013342682415485,5,common,0.0
16888,68,72,0.3960503568256461,5,common,0.0
21427,86,93,0.3952109020580693,5,pdb_2,0.0
19659,79,82,0.39021769399452605,5,common,0.0
19408,78,82,0.3837839204218601,5,common,0.0
18150,73,79,0.38365327003474736,5,common,0.0
16646,67,81,0.3818926397446673,5,common,0.0
18156,73,85,0.38148728919574476,5,pdb_1,2.8284271247461903
16635,67,70,0.38132902099489074,5,common,0.0
19915,80,87,0.3803052206491527,5,common,0.0
17654,71,85,0.3790184252711349,5,noise,3.0
17144,69,77,0.37809340436830097,5,common,1.0
21172,85,89,0.37683951798145215,5,common,0.0
22433,90,95,0.3763646709294934,5,pdb_2,0.0
18905,76,81,0.3746229071866776,5,common,0.0
18151,73,80,0.374434708277351,5,pdb_1,0.0
20671,83,90,0.3737098362117881,5,common,1.0
15898,64,86,0.37279456053944066,5,common,2.0
20923,84,91,0.3722672166646418,5,common,1.0
22180,89,93,0.37068070255363766,5,common,0.0
19159,77,84,0.37002973335270983,5,common,0.0
18403,74,81,0.36961579248126447,5,common,0.0
21175,85,92,0.36952898857424277,5,common,0.0
19663,79,86,0.3590731087204583,5,common,0.0
15879,64,67,0.3572018349936748,5,common,0.0
16887,68,71,0.3549821829667634,5,common,0.0
20416,82,86,0.35473574538650066,5,common,0.0
16140,65,77,0.35394938433700396,5,pdb_1,1.0
15628,63,67,0.35389973100082156,5,common,0.0
17651,71,82,0.3521772032568145,5,common,0.0
21425,86,91,0.3505380312807546,5,common,0.0
15892,64,80,0.3498320420401256,5,common,0.0
17650,71,81,0.3495776428322082,5,common,0.0
17900,72,80,0.3495134185793201,5,pdb_1,1.0
19409,78,83,0.34943973793274885,5,common,0.0
15636,63,75,0.3488097326412987,5,pdb_2,0.0
15634,63,73,0.34843151146274337,5,common,1.0
15385,62,75,0.34737277764383845,5,pdb_2,1.0
16136,65,73,0.34625891358626565,5,common,0.0
17895,72,75,0.34586269673613973,5,common,0.0
16388,66,74,0.34522426734741773,5,common,1.0
19916,80,88,0.34519571533661914,5,common,1.0
14874,60,66,0.3451432387644915,5,common,1.0
19411,78,85,0.34489271036515634,5,common,0.0
19662,79,85,0.3448108857985799,5,common,0.0
20672,83,91,0.3440688108194433,5,common,1.4142135623730951
15897,64,85,0.3435749672103752,5,pdb_2,2.0
17655,71,86,0.3432066335800288,5,noise,4.0
17904,72,84,0.34298619739347674,5,pdb_1,2.23606797749979
19161,77,86,0.34275664080645174,5,common,1.4142135623730951
16896,68,80,0.3426869975021918,5,pdb_1,1.0
15649,63,88,0.34260163314913417,5,pdb_2,1.4142135623730951
10109,41,70,0.947300535545659,6,common,0.0
9357,38,71,0.6770983127028208,6,common,0.0
10110,41,71,0.642367568834379,6,common,0.0
9106,37,71,0.5590279454305572,6,common,0.0
9356,38,70,0.5162354048527371,6,pdb_2,0.0
9359,38,73,0.37281502370563613,6,common,1.0
9108,37,73,0.35738968155349443,6,common,0.0
9859,40,71,0.35564297213728746,6,common,0.0
9858,40,70,0.3528891749452952,6,pdb_2,0.0
9105,37,70,0.35112097894153776,6,common,0.0
41375,165,212,0.8888880846275813,7,common,0.0
39621,158,215,0.6561093647267946,7,common,0.0
40625,162,215,0.6013891771908769,7,common,0.0
39872,159,215,0.5266012686785825,7,common,0.0
39370,157,215,0.4961928031106081,7,common,0.0
40622,162,212,0.4883436636339994,7,common,0.0
39869,159,212,0.48676435004428587,7,common,0.0
39123,156,219,0.47659765456009384,7,common,0.0
38372,153,221,0.4701793546014045,7,common,0.0
39868,159,211,0.4631451797358021,7,common,0.0
39617,158,211,0.44947298101294036,7,pdb_1,0.0
39375,157,220,0.4451141561365925,7,common,0.0
39371,157,216,0.4323574264003189,7,common,0.0
38872,155,219,0.4293608607633297,7,common,0.0
40374,161,215,0.4242762237863268,7,common,0.0
40367,161,208,0.41867756142913237,7,common,0.0
40626,162,216,0.41553794573587877,7,common,0.0
39367,157,212,0.41262613214595334,7,common,0.0
39625,158,219,0.4112738241351275,7,common,0.0
40371,161,212,0.40949422218480114,7,common,0.0
39374,157,219,0.4070199839386963,7,common,0.0
41376,165,213,0.40638564542364997,7,common,0.0
38371,153,220,0.3968090553487881,7,common,0.0
40618,162,208,0.3949505134257253,7,common,0.0
39865,159,208,0.3780130782117768,7,common,0.0
40621,162,211,0.3746943109196567,7,common,0.0
38119,152,219,0.3654473867127529,7,pdb_1,0.0
39876,159,219,0.36374280340860243,7,pdb_1,0.0
38368,153,217,0.3603353244552569,7,pdb_1,1.0
39623,158,217,0.35903495057612506,7,pdb_1,1.0
38373,153,222,0.35819766038014594,7,common,0.0
41374,165,211,0.35785648498660805,7,common,0.0
39622,158,216,0.3572836552529491,7,pdb_1,0.0
41124,164,212,0.3552827591863693,7,common,0.0
39620,158,214,0.35413827508305795,7,pdb_1,1.0
40366,161,207,0.3534437159214573,7,common,0.0
40115,160,207,0.3527184075435682,7,common,1.0
38618,154,216,0.3500175854289109,7,common,0.0
39365,157,210,0.3479756273811604,7,pdb_1,1.4142135623730951
10419,42,129,0.8819141005077253,8,common,0.0
10421,42,131,0.5487344128941373,8,common,0.0
11425,46,131,0.5427179321756319,8,common,0.0
9666,39,129,0.48534214878808757,8,common,1.0
11423,46,129,0.43836999953856537,8,pdb_1,0.0
10417,42,127,0.40873010785736236,8,common,0.0
9668,39,131,0.4083331774046354,8,common,0.0
9413,38,127,0.40687151963348317,8,common,0.0
9415,38,129,0.38538683227347265,8,common,0.0
9669,39,132,0.3775748153210228,8,common,1.0
11172,45,129,0.37069591519452666,8,pdb_1,0.0
10672,43,131,0.3681571993362357,8,common,0.0
9919,40,131,0.3547402279200329,8,pdb_2,1.0
11676,47,131,0.3507240136353389,8,common,1.0
12176,49,129,0.34459864639552706,8,noise,3.0
10670,43,129,0.34408689033010287,8,common,1.0
11672,47,127,0.34262750635494815,8,pdb_1,2.0
42108,168,192,0.8630308403416509,9,common,0.0
42107,168,191,0.8585981287240403,9,common,0.0
41355,165,192,0.4783313819123342,9,common,0.0
41104,164,192,0.4673325894222978,9,common,0.0
41105,164,193,0.4410539416589667,9,common,0.0
41608,166,194,0.35989018967624836,9,pdb_2,1.0
41103,164,191,0.3528058934774842,9,common,0.0
41106,164,194,0.35114789735858926,9,common,0.0
11105,45,62,0.8582339906723107,10,common,0.0
11354,46,60,0.8412285074603901,10,common,0.0
13611,55,58,0.8197327062773494,10,pdb_1,1.4142135623730951
10352,42,62,0.7794442457101355,10,common,0.0
12607,51,58,0.7672508477583364,10,pdb_1,2.0
9353,38,67,0.6956738534383552,10,common,0.0
7568,31,39,0.6878932406233988,10,common,0.0
7564,31,35,0.6649835130329873,10,common,0.0
12356,50,58,0.6595445783824303,10,pdb_1,1.0
10106,41,67,0.6310047625702024,10,common,0.0
7815,32,35,0.6215883916383288,10,common,0.0
10350,42,60,0.6026132855035147,10,common,0.0
3027,13,16,0.5995872952122101,10,pdb_1,2.8284271247461903
11091,45,48,0.5723226488778287,10,pdb_1,0.0
7565,31,36,0.5714938486083531,10,common,0.0
11347,46,53,0.5607257623626949,10,noise,3.0
11103,45,60,0.5584712547038994,10,common,0.0
10101,41,62,0.5554532298703191,10,common,0.0
10357,42,67,0.5319165146487307,10,pdb_2,0.0
8068,33,37,0.5201047697485226,10,common,0.0
12858,52,58,0.5195622480218398,10,noise,3.0
11346,46,52,0.5167801190879416,10,noise,3.0
11595,47,50,0.5144819001175747,10,pdb_1,1.4142135623730951
6304,26,30,0.5137761742236278,10,pdb_2,0.0
12604,51,55,0.5064900515790746,10,pdb_1,2.23606797749979
13109,53,58,0.49677138702993173,10,noise,3.1622776601683795
2776,12,16,0.4953295259873593,10,noise,3.605551275463989
4793,20,25,0.48638996977064924,10,pdb_1,0.0
12358,50,60,0.4828548364468511,10,pdb_1,1.0
8319,34,37,0.4817567469235399,10,common,0.0
5045,21,26,0.4812811472045419,10,common,0.0
13360,54,58,0.4801942237774233,10,pdb_1,2.23606797749979
11344,46,50,0.4784875465105527,10,pdb_1,1.0
7063,29,36,0.47622608138746314,10,common,0.0
10084,41,45,0.47280191771646785,10,common,0.0
5547,23,26,0.461000003821961,10,common,0.0
12105,49,58,0.4583489693911713,10,pdb_1,0.0
12351,50,53,0.4570041294785477,10,noise,3.1622776601683795
10083,41,44,0.4529645383684698,10,common,0.0
12107,49,60,0.44959688533491726,10,pdb_1,0.0
8824,36,40,0.4494536041252901,10,common,0.0
6051,25,28,0.44837414117641927,10,common,0.0
12352,50,54,0.4454437437608877,10,pdb_1,2.23606797749979
5295,22,25,0.44134541094288987,10,common,0.0
10839,44,47,0.43965693964834357,10,common,0.0
12603,51,54,0.4393200183366197,10,pdb_1,2.8284271247461903
3279,14,17,0.43679470401166764,10,pdb_1,1.4142135623730951
12100,49,53,0.4353544163708598,10,noise,3.0
6812,28,36,0.43290000034843845,10,pdb_2,0.0
6059,25,36,0.4298641827687568,10,common,0.0
8067,33,36,0.42534449568982396,10,common,0.0
10105,41,66,0.42264245747081886,10,common,0.0
6556,27,31,0.42099500226426895,10,pdb_2,0.0
4797,20,29,0.4186535135415176,10,pdb_1,0.0
4792,20,24,0.41800872931212907,10,pdb_1,0.0
10840,44,48,0.41706343859440903,10,pdb_1,0.0
9580,39,43,0.41689795337930974,10,common,0.0
12353,50,55,0.4167526061169191,10,pdb_1,1.4142135623730951
3783,16,19,0.41511005797602224,10,pdb_1,0.0
13359,54,57,0.4111873778447351,10,pdb_1,2.8284271247461903
10335,42,45,0.40931460886563836,10,common,0.0
12099,49,52,0.4085832561511402,10,noise,4.0
13107,53,56,0.40547356580196164,10,noise,4.0
7314,30,36,0.4049272265978448,10,common,0.0
11092,45,49,0.40477888225962866,10,pdb_1,0.0
5044,21,25,0.40423873951744316,10,common,0.0
6306,26,32,0.40124245663161817,10,pdb_2,1.0
12860,52,60,0.3987904523461922,10,noise,3.0
6561,27,36,0.39764274704641156,10,common,0.0
6303,26,29,0.3970718461407517,10,common,0.0
8320,34,38,0.3957258131990106,10,common,0.0
13111,53,60,0.3946810206435925,10,noise,3.0
7311,30,33,0.3927620614910394,10,common,0.0
12855,52,55,0.3920564774251837,10,noise,3.1622776601683795
13362,54,60,0.3913731720073458,10,pdb_1,2.0
4540,19,23,0.390505979961683,10,pdb_1,1.0
11605,47,60,0.38994159235604425,10,pdb_1,0.0
11596,47,51,0.3896561438517243,10,pdb_1,2.23606797749979
11343,46,49,0.3889499583390269,10,pdb_1,0.0
4036,17,21,0.388566808235779,10,pdb_1,1.0
12101,49,54,0.38621915396627926,10,pdb_1,2.0
12106,49,59,0.38509495381432934,10,pdb_1,0.0
9327,38,41,0.3845250224808981,10,common,0.0
10588,43,47,0.38427328955054424,10,common,0.0
7563,31,34,0.38140954937804394,10,common,0.0
4542,19,25,0.38092835830229793,10,pdb_1,0.0
3028,13,17,0.3799151615809899,10,pdb_1,2.23606797749979
4798,20,30,0.3777952619381919,10,pdb_1,1.0
13108,53,57,0.37730300549680096,10,noise,3.605551275463989
11847,48,51,0.37645168065473844,10,pdb_1,2.8284271247461903
6807,28,31,0.3764098494853431,10,common,0.0
12606,51,57,0.3755152661841865,10,pdb_1,2.0
4539,19,22,0.3742008228872633,10,pdb_1,0.0
12857,52,57,0.37391642806596015,10,noise,3.0
9579,39,42,0.37381995083569114,10,common,0.0
12104,49,57,0.37277451760506897,10,pdb_1,0.0
5549,23,28,0.3722584684945151,10,common,0.0
7066,29,39,0.37192277180026123,10,common,0.0
12102,49,55,0.3714363424363979,10,pdb_1,1.0
10852,44,60,0.37059853684922767,10,pdb_1,0.0
4290,18,24,0.37046968507999406,10,pdb_1,1.0
4291,18,25,0.37028866055107523,10,pdb_1,1.0
4795,20,27,0.3701858771143166,10,pdb_1,0.0
11848,48,52,0.36893604212754977,10,noise,3.605551275463989
6052,25,29,0.36885553557402256,10,common,0.0
9075,37,40,0.36865218463384136,10,common,0.0
11356,46,62,0.36671781942331616,10,pdb_1,1.0
11352,46,58,0.3666491187129586,10,common,0.0
12354,50,56,0.3664330332498042,10,pdb_1,1.0
2777,12,17,0.3662727313890235,10,noise,3.1622776601683795
8823,36,39,0.36531245687479474,10,common,0.0
11598,47,53,0.365035618387251,10,noise,3.0
8075,33,44,0.36454376444337694,10,pdb_1,2.23606797749979
12856,52,56,0.36340773509559415,10,noise,3.0
6816,28,40,0.36319711254615883,10,common,1.0
5296,22,26,0.3630301855548053,10,common,0.0
3531,15,18,0.3630292388285541,10,pdb_1,0.0
4038,17,23,0.3627712006309054,10,pdb_1,2.23606797749979
12355,50,57,0.36218519628910595,10,pdb_1,1.0
2527,11,18,0.3621290289438118,10,noise,4.0
4794,20,26,0.36083423410104964,10,pdb_1,0.0
5799,24,27,0.3601996756859455,10,common,0.0
13863,56,59,0.35989819387009003,10,pdb_1,0.0
11106,45,63,0.3597147246479454,10,common,0.0
7067,29,40,0.3592398986572112,10,pdb_1,0.0
11856,48,60,0.35877544317277676,10,pdb_1,1.0
8069,33,38,0.35796892114745554,10,common,0.0
12859,52,59,0.3575625218117133,10,noise,3.0
6815,28,39,0.3574402915102617,10,pdb_2,0.0
9078,37,43,0.35606908501410695,10,common,0.0
4799,20,31,0.35590381647166797,10,pdb_1,2.0
7318,30,40,0.35528009650916387,10,pdb_1,1.0
7816,32,36,0.35468388876767304,10,common,0.0
9604,39,67,0.3535592354921913,10,common,0.0
9831,40,43,0.3528404952505106,10,common,0.0
6307,26,33,0.3524605492463381,10,pdb_2,1.4142135623730951
11597,47,52,0.35226394324384847,10,noise,3.1622776601683795
7059,29,32,0.352100019340907,10,common,0.0
9076,37,41,0.35208720176057245,10,common,0.0
4796,20,28,0.3520588362115124,10,pdb_1,1.0
4543,19,26,0.352028294244026,10,pdb_1,1.0
8325,34,43,0.35162222965999634,10,pdb_1,1.0
2526,11,17,0.35149107838106,10,noise,4.123105625617661
10102,41,63,0.3500990314952751,10,common,0.0
8321,34,39,0.3500840630854435,10,common,0.0
5046,21,27,0.34986335235157917,10,pdb_1,0.0
11345,46,51,0.34882907305120514,10,pdb_1,2.0
11094,45,51,0.3484095906063954,10,pdb_1,2.0
5047,21,28,0.3481404814251046,10,common,1.0
11096,45,53,0.3472874707335328,10,noise,3.0
7313,30,35,0.3468141547523999,10,common,0.0
10354,42,64,0.34643391955862474,10,pdb_2,1.0
7569,31,40,0.34624909122390324,10,pdb_1,0.0
9832,40,44,0.3461155648775141,10,common,0.0
8825,36,41,0.3454429793421331,10,common,0.0
3029,13,18,0.3447124329172786,10,pdb_1,2.0
9855,40,67,0.3439256640191717,10,pdb_2,0.0
7572,31,43,0.3436219779164027,10,noise,3.0
6813,28,37,0.34357614682891335,10,pdb_2,0.0
5548,23,27,0.3431430207152265,10,common,0.0
8571,35,38,0.34308263959892277,10,common,0.0
10336,42,46,0.34303068130410014,10,common,0.0
4541,19,24,0.34286346307323246,10,pdb_1,0.0
7312,30,34,0.34277383215513557,10,common,1.0
10086,41,47,0.34275296052510984,10,common,0.0
42850,171,181,0.8001622897054214,11,common,0.0
42591,170,173,0.7523054943924592,11,common,0.0
43101,172,181,0.7375130295695386,11,common,0.0
42087,168,171,0.6855528193079313,11,common,0.0
42099,168,183,0.684752493247332,11,common,0.0
43098,172,178,0.6563207402988451,11,common,0.0
43852,175,179,0.6388487998435306,11,pdb_1,0.0
42844,171,175,0.6289197548104777,11,common,1.0
42843,171,174,0.6232933479382303,11,common,0.0
43099,172,179,0.5851153808885972,11,common,0.0
42847,171,178,0.5644013337223611,11,pdb_1,0.0
41079,164,167,0.5573221596408103,11,common,0.0
43103,172,183,0.5453104829028023,11,common,0.0
42097,168,181,0.5442730662847137,11,common,0.0
43851,175,178,0.5275288307649502,11,common,0.0
43600,174,178,0.5265870051649012,11,common,0.0
44607,178,181,0.5112389013527309,11,common,0.0
44103,176,179,0.49739929691003054,11,common,0.0
43599,174,177,0.49654554916949867,11,common,0.0
43349,173,178,0.47082177274655496,11,common,0.0
43350,173,179,0.4529132433579392,11,common,0.0
42339,169,172,0.45044280658392627,11,common,0.0
43854,175,181,0.4439151387211115,11,common,1.4142135623730951
42848,171,179,0.44223400848183175,11,common,1.0
43601,174,179,0.4307095969884389,11,common,0.0
43100,172,180,0.4271569872788986,11,common,0.0
42348,169,181,0.4260767431347206,11,common,0.0
42852,171,183,0.41601516603778943,11,pdb_1,0.0
41080,164,168,0.41485815531866566,11,common,0.0
41584,166,170,0.4142158332042719,11,common,0.0
44608,178,182,0.3991673423358274,11,pdb_2,1.0
43096,172,176,0.39855887577799287,11,pdb_2,0.0
43603,174,181,0.3980685493405624,11,common,1.0
40828,163,167,0.39384721809893125,11,common,0.0
41332,165,169,0.39364687013107663,11,common,0.0
42592,170,174,0.3927551212438462,11,common,0.0
42350,169,183,0.39079914880893524,11,common,0.0
44355,177,180,0.3892658670115968,11,common,1.4142135623730951
44105,176,181,0.3862571112450334,11,common,2.0
43102,172,182,0.3809449771198476,11,common,0.0
43097,172,177,0.3794860118632767,11,common,0.0
43095,172,175,0.3782278281100523,11,common,0.0
41331,165,168,0.37796140542840284,11,common,0.0
44860,179,183,0.3739264980611905,11,pdb_2,1.0
42846,171,177,0.36688460970354814,11,pdb_1,1.0
43602,174,180,0.3656104159533908,11,common,0.0
43352,173,181,0.35910388820557465,11,common,0.0
42596,170,178,0.35692790610586056,11,common,0.0
44104,176,180,0.35663297751017614,11,common,1.0
43853,175,180,0.3565228076497812,11,pdb_1,1.0
44356,177,181,0.35573393740800646,11,common,1.0
42088,168,172,0.3547295947797906,11,common,0.0
45111,180,183,0.35213341149565364,11,common,0.0
43347,173,176,0.3520458517961509,11,common,0.0
41335,165,172,0.35028779686747263,11,common,0.0
42845,171,176,0.34555310293339847,11,pdb_2,1.0
44609,178,183,0.34457125417023726,11,pdb_2,1.4142135623730951
42345,169,178,0.34420066576558195,11,common,0.0
41836,167,171,0.34363811472367894,11,common,0.0
44357,177,182,0.3433661601778802,11,common,1.4142135623730951
45659,182,229,0.7991055582384293,12,common,0.0
45661,182,231,0.48697927059467944,12,pdb_1,2.0
45657,182,227,0.41446076443153335,12,common,0.0
45155,180,227,0.4002438320329861,12,common,0.0
45153,180,225,0.387558783326719,12,common,0.0
45655,182,225,0.38553187193288063,12,common,1.0
45157,180,229,0.3842812630214807,12,pdb_1,1.0
46411,185,228,0.3832203323533548,12,common,0.0
46163,184,231,0.3772881667139676,12,pdb_1,0.0
46409,185,226,0.3644947788559032,12,pdb_2,1.0
44906,179,229,0.36146381497667374,12,pdb_1,2.0
46161,184,229,0.3474755371315061,12,pdb_1,0.0
45908,183,227,0.34286083619058116,12,common,0.0
42389,169,222,0.7927857915257792,13,common,0.0
42391,169,224,0.4913777624186754,13,common,0.0
42640,170,222,0.4881623134003598,13,common,0.0
42639,170,221,0.4093618274703653,13,common,0.0
42638,170,220,0.34352020898035296,13,pdb_2,0.0
50434,201,235,0.6981759557390216,14,common,0.0
50437,201,238,0.4563931740294028,14,common,0.0
50182,200,234,0.419325792290213,14,common,1.0
49931,199,234,0.39659047016605425,14,pdb_2,1.0
49429,197,234,0.35442988519493024,14,pdb_2,2.23606797749979
50181,200,233,0.34843665371684934,14,common,1.0
50436,201,237,0.34690152891850967,14,common,0.0
51431,205,228,0.6682746810919908,15,common,0.0
51429,205,226,0.6486225331669525,15,common,0.0
51433,205,230,0.3566750788857686,15,common,0.0
52445,209,238,0.5833114470584965,17,common,0.0
52447,209,240,0.3809118752747762,17,common,0.0
52449,209,242,0.3580697225232157,17,common,2.0
11113,45,70,0.5675944998898694,18,pdb_2,0.0
10862,44,70,0.4178325463737917,18,common,0.0
11112,45,69,0.36210635667401203,18,pdb_2,1.0
41379,165,216,0.5666886019434727,19,common,0.0
41631,166,217,0.39521755997772606,19,common,0.0
41630,166,216,0.37808183226040376,19,common,0.0
41380,165,217,0.34849673460108854,19,common,1.0
8363,34,81,0.5514583931676585,21,common,0.0
8618,35,85,0.5024903919899527,21,common,0.0
9371,38,85,0.45451613171474536,21,common,0.0
8367,34,85,0.4170269679590549,21,common,0.0
7614,31,85,0.36461562626818217,21,common,0.0
7861,32,81,0.3591085493029772,21,common,0.0
9120,37,85,0.3558099016155184,21,common,0.0
7864,32,84,0.35403170646535403,21,common,0.0
6610,27,85,0.3525815047223472,21,noise,4.0
7863,32,83,0.352559886687646,21,common,1.0
7865,32,85,0.34881079376246726,21,common,0.0
8364,34,82,0.34867377946686784,21,common,0.0
7112,29,85,0.3456397014776143,21,common,2.0
9622,39,85,0.34390218538911616,21,pdb_2,0.0
5417,22,147,0.512357910460392,22,pdb_1,0.0
4665,19,148,0.49997870569506947,22,pdb_1,0.0
4165,17,150,0.4773488580597488,22,pdb_1,0.0
5666,23,145,0.4663782423463731,22,common,0.0
4415,18,149,0.4522863586816912,22,pdb_1,0.0
4417,18,151,0.44581308641240935,22,pdb_1,0.0
4917,20,149,0.44344369527131033,22,pdb_1,0.0
4163,17,148,0.43494006146983166,22,pdb_1,0.0
4667,19,150,0.4331403753523921,22,pdb_1,0.0
5164,21,145,0.4314026998019375,22,common,0.0
6170,25,147,0.42325227483481626,22,pdb_1,0.0
3665,15,152,0.41861824592713065,22,pdb_1,0.0
4663,19,146,0.41713805196707365,22,pdb_1,0.0
5416,22,146,0.4048122227970122,22,pdb_1,0.0
6172,25,149,0.40108335431022124,22,common,0.0
5161,21,142,0.40010670857607367,22,pdb_1,0.0
4922,20,154,0.38713656356802273,22,pdb_1,2.0
4168,17,153,0.38518341841783266,22,pdb_1,0.0
3917,16,153,0.38190517309040756,22,pdb_1,0.0
3414,14,152,0.38161526781819205,22,pdb_1,1.0
3916,16,152,0.37863385124688287,22,pdb_1,0.0
4167,17,152,0.3725868803944425,22,pdb_1,0.0
4670,19,153,0.37166244405454957,22,pdb_1,1.0
4419,18,153,0.37155001667916326,22,pdb_1,0.0
5415,22,145,0.3682390051860116,22,common,0.0
3663,15,150,0.3681366785506075,22,pdb_1,0.0
5667,23,146,0.3614586163585785,22,pdb_1,0.0
5412,22,142,0.3604177753592901,22,pdb_2,0.0
4416,18,150,0.36009530573101217,22,pdb_1,0.0
6176,25,153,0.3571145023319946,22,pdb_2,2.0
6670,27,145,0.3565840739701264,22,pdb_2,1.0
4666,19,149,0.35452510980493823,22,pdb_1,0.0
4660,19,143,0.3527322323677102,22,pdb_1,0.0
6177,25,154,0.3525128416327985,22,pdb_2,2.8284271247461903
5163,21,144,0.3523413784770344,22,pdb_1,0.0
6174,25,151,0.35056387520708177,22,pdb_2,0.0
6419,26,145,0.34916199727576974,22,common,0.0
4659,19,142,0.34761035603741897,22,pdb_1,1.0
5921,24,149,0.3445172584179845,22,common,1.0
6422,26,148,0.34384034606535596,22,pdb_1,1.0
5671,23,150,0.3425931553757072,22,pdb_2,1.4142135623730951
40353,161,194,0.5119223436471946,23,common,0.0
40105,160,197,0.4781425312733455,23,pdb_1,1.4142135623730951
40348,161,189,0.39131098497151684,23,common,0.0
40357,161,198,0.3837913612267003,23,common,0.0
40351,161,192,0.38209976737644563,23,common,0.0
40354,161,195,0.36966274929623616,23,common,0.0
40352,161,193,0.36340749959887336,23,common,0.0
40099,160,191,0.35309114166455874,23,pdb_2,0.0
40356,161,197,0.3502914075375314,23,pdb_1,1.0
40102,160,194,0.34928803461695274,23,common,0.0
40101,160,193,0.34530921409553184,23,pdb_2,0.0
20457,82,127,0.505413431030487,24,common,0.0
21461,86,127,0.46722286386070105,24,common,0.0
22222,89,135,0.4391945161608375,24,noise,3.0
22470,90,132,0.3888029286380706,24,pdb_1,1.4142135623730951
21217,85,134,0.3686436425740726,24,noise,3.1622776601683795
22218,89,131,0.3665316250808659,24,pdb_1,0.0
21215,85,132,0.3648900757999854,24,pdb_1,1.4142135623730951
22214,89,127,0.36228896084180373,24,pdb_2,2.0
22216,89,129,0.3602713804016913,24,common,0.0
22219,89,132,0.35715146653147384,24,pdb_1,1.0
21970,88,134,0.3566034961291123,24,noise,3.1622776601683795
21218,85,135,0.35642481113048224,24,noise,4.123105625617661
20455,82,125,0.356308785527508,24,pdb_1,0.0
20710,83,129,0.35174940659616055,24,common,1.0
21459,86,125,0.35132545162845435,24,common,1.0
21463,86,129,0.34969259703017425,24,common,0.0
22467,90,129,0.34896101017010156,24,common,1.0
20706,83,125,0.34605966322145726,24,pdb_1,1.0
20712,83,131,0.3436274014854953,24,common,2.23606797749979
21964,88,128,0.342855433577999,24,pdb_2,1.4142135623730951
21469,86,135,0.34240594782540656,24,noise,4.0
3669,15,156,0.481625961404435,25,pdb_1,1.0
3920,16,156,0.438925197838023,25,pdb_1,1.0
3671,15,158,0.35968740627672924,25,noise,3.0
3418,14,156,0.3549824882525779,25,pdb_1,1.4142135623730951
50427,201,228,0.48081039501217787,26,common,0.0
50425,201,226,0.4201127194562513,26,common,2.0
50178,200,230,0.3461899549527285,26,pdb_1,1.0
50675,202,225,0.345588261401986,26,common,2.23606797749979
8355,34,73,0.46480877916409424,28,common,0.0
8353,34,71,0.4448685086588405,28,common,0.0
8349,34,67,0.4310964179062577,28,common,0.0
8352,34,70,0.4127990388875628,28,common,1.0
8350,34,68,0.34985605316867596,28,common,1.0
8102,33,71,0.3446567420440413,28,common,0.0
46392,185,209,0.45298686266546423,30,common,0.0
46394,185,211,0.35896164336250697,30,common,2.0
46391,185,208,0.34933181568178473,30,common,0.0
9651,39,114,0.44728299915332353,31,common,0.0
10405,42,115,0.41256873955248263,31,common,0.0
10654,43,113,0.37035920570651665,31,pdb_1,1.0
9902,40,114,0.3662510255433725,31,common,1.0
9652,39,115,0.36528866647676544,31,common,0.0
9649,39,112,0.35762012656423064,31,common,2.0
4935,20,167,0.43834442973474125,32,pdb_1,0.0
4932,20,164,0.38372494677299435,32,pdb_1,0.0
4931,20,163,0.36220701003266725,32,pdb_1,0.0
5185,21,166,0.3579913601568701,32,pdb_1,1.0
9198,37,163,0.437318375407899,35,pdb_1,0.0
8951,36,167,0.42522353873159585,35,pdb_1,0.0
8194,33,163,0.4223384763480017,35,pdb_1,0.0
8948,36,164,0.40172929344797703,35,pdb_1,0.0
8947,36,163,0.39727011389530764,35,common,0.0
9202,37,167,0.35900499996620366,35,pdb_1,0.0
8701,35,168,0.35046998208185365,35,pdb_1,1.4142135623730951
8447,34,165,0.3452113849649322,35,pdb_1,2.0
6445,26,171,0.43327993693528033,36,pdb_1,0.0
6194,25,171,0.4088384673045904,36,pdb_1,0.0
6446,26,172,0.34299056493344654,36,pdb_1,0.0
41635,166,221,0.43134325871448753,37,common,0.0
41634,166,220,0.4064495590871679,37,common,0.0
41636,166,222,0.3891799411530704,37,common,0.0
41638,166,224,0.35807066338069915,37,common,0.0
37314,149,167,0.4298380155499583,39,common,0.0
37313,149,166,0.3934259575757276,39,common,0.0
38321,153,170,0.3771490931151294,39,pdb_1,0.0
37818,151,169,0.3565837020791023,39,common,1.4142135623730951
37568,150,170,0.35007958264324446,39,common,0.0
7191,29,164,0.42768386236662576,40,common,0.0
6437,26,163,0.3741665900097698,40,pdb_2,0.0
6190,25,167,0.3704521935709341,40,common,0.0
6689,27,164,0.36950798240841287,40,pdb_1,0.0
6187,25,164,0.35923906241193265,40,common,0.0
5937,24,165,0.3547497733359699,40,pdb_1,1.0
6191,25,168,0.3505591977006761,40,pdb_1,0.0
6442,26,168,0.3502593664973432,40,pdb_1,0.0
6940,28,164,0.3497478785501617,40,pdb_1,0.0
5936,24,164,0.34757548799505006,40,pdb_1,0.0
7190,29,163,0.34240474668252274,40,common,0.0
5157,21,138,0.42044507900853445,43,common,0.0
5156,21,137,0.36930114553112525,43,pdb_1,0.0
4656,19,139,0.3457033710718108,43,pdb_1,0.0
9937,40,149,0.41843105551906223,44,pdb_1,0.0
9939,40,151,0.3506311479692341,44,common,0.0
9686,39,149,0.3429233040020318,44,pdb_1,1.0
7643,31,114,0.41787118363202463,45,common,0.0
7141,29,114,0.37894448954978893,45,common,0.0
7642,31,113,0.3550407251345717,45,common,1.0
36816,147,171,0.41501812400153226,47,pdb_1,0.0
36815,147,170,0.3860463174070932,47,common,0.0
36568,146,174,0.35982845982770467,47,pdb_1,1.0
36817,147,172,0.3546550851494047,47,pdb_1,0.0
36565,146,171,0.3546128207236076,47,pdb_1,0.0
37069,148,173,0.3489552612857001,47,common,0.0
37572,150,174,0.3471782467998127,47,common,1.0
36314,145,171,0.346107255503887,47,pdb_1,0.0
36563,146,169,0.3447563919159632,47,pdb_1,1.0
36317,145,174,0.3445275931051167,47,pdb_2,1.0
37310,149,163,0.4084114492094283,50,common,0.0
36557,146,163,0.36977890173020933,50,pdb_2,1.0
36807,147,162,0.36592203642913346,50,pdb_2,2.23606797749979
37561,150,163,0.3426033701652193,50,pdb_1,1.0
38568,154,166,0.406717196127276,51,common,0.0
38317,153,166,0.3958205661101186,51,common,0.0
38569,154,167,0.3790182874207153,51,pdb_1,0.0
38066,152,166,0.34671416987265347,51,common,0.0
8191,33,160,0.40538508946217827,52,pdb_1,0.0
8190,33,159,0.39607663081396166,52,pdb_1,0.0
8188,33,157,0.38004577453000227,52,common,0.0
4310,18,44,0.40441207916163985,53,pdb_1,0.0
3808,16,44,0.3838223067441112,53,pdb_1,0.0
4560,19,43,0.35918982138286776,53,pdb_1,0.0
53451,213,240,0.4016224272191752,55,common,0.0
53449,213,238,0.38920000555546214,55,common,0.0
53202,212,242,0.388079647843207,55,pdb_2,1.4142135623730951
9189,37,154,0.4005412160204587,56,common,0.0
8938,36,154,0.39696180690537003,56,common,0.0
8687,35,154,0.3716215648821272,56,pdb_2,0.0
4565,19,48,0.3993257413989655,57,pdb_1,1.0
4564,19,47,0.3950026329387226,57,pdb_1,0.0
5066,21,47,0.34299299538820527,57,pdb_1,0.0
10943,44,151,0.39875527908461744,59,pdb_1,0.0
10690,43,149,0.3669493751731355,59,pdb_1,0.0
11192,45,149,0.35675526635190874,59,pdb_1,2.0
11694,47,149,0.35671470626396073,59,pdb_1,1.0
10942,44,150,0.35341165174709827,59,pdb_1,1.0
10687,43,146,0.34639591103358025,59,pdb_2,0.0
10940,44,148,0.34502104512721726,59,pdb_1,1.4142135623730951
10945,44,153,0.344830835799561,59,pdb_1,2.0
11197,45,154,0.3429019468824727,59,noise,3.1622776601683795
5911,24,139,0.3959348454306009,60,common,0.0
6667,27,142,0.3761688257697119,60,pdb_2,0.0
6663,27,138,0.370295844999747,60,pdb_1,0.0
7165,29,138,0.3644371622381289,60,pdb_1,1.0
7667,31,138,0.3535498831285535,60,pdb_1,1.0
6915,28,139,0.349161788734898,60,pdb_1,1.0
6163,25,140,0.3450890044733416,60,common,1.0
23477,94,135,0.3941689764393334,61,common,0.0
22975,92,135,0.3703098426801429,61,common,0.0
23979,96,135,0.3683033863832723,61,common,0.0
23986,96,142,0.3629157508037923,61,noise,3.0
22979,92,139,0.35729405153626104,61,common,2.0
23483,94,141,0.3508138248278182,61,common,2.0
22977,92,137,0.3449891768520529,61,common,2.0
22982,92,142,0.3447522560532079,61,noise,3.605551275463989
47145,188,209,0.38717641295567773,62,common,0.0
47395,189,208,0.3746861146614481,62,common,0.0
47144,188,208,0.3623044859271534,62,common,0.0
47398,189,211,0.35566964717743044,62,common,2.23606797749979
47148,188,212,0.348672001148076,62,noise,3.0
7621,31,92,0.3865495014647328,64,common,0.0
7370,30,92,0.3808312984788073,64,common,0.0
7872,32,92,0.3792101196001718,64,common,0.0
6871,28,95,0.3751525516008023,64,pdb_1,0.0
7119,29,92,0.37071425462651275,64,pdb_1,0.0
7373,30,95,0.3577201046751473,64,pdb_1,0.0
6619,27,94,0.3543553925027789,64,common,0.0
7623,31,94,0.34803338716183146,64,common,0.0
6371,26,97,0.3442072108774453,64,common,0.0
6465,26,191,0.3863237599118594,65,pdb_1,0.0
6966,28,190,0.3814009898948515,65,pdb_1,0.0
7220,29,193,0.37067309012689137,65,pdb_1,0.0
6214,25,191,0.3698157445186493,65,pdb_1,0.0
7471,30,193,0.3615675413583316,65,pdb_1,0.0
5712,23,191,0.3523373439424643,65,pdb_1,0.0
7221,29,194,0.35055129513793376,65,pdb_1,0.0
6716,27,191,0.3487237122411639,65,pdb_1,0.0
5965,24,193,0.3443960347700442,65,pdb_1,1.0
18444,74,122,0.3817165034355796,66,pdb_1,2.23606797749979
18698,75,125,0.3749320520965124,66,pdb_1,0.0
18696,75,123,0.3568068587007024,66,pdb_1,1.0
18947,76,123,0.34912185192530715,66,pdb_1,1.4142135623730951
18695,75,122,0.3450610924657905,66,pdb_1,2.0
17473,70,155,0.3667044702187807,71,pdb_1,0.0
17724,71,155,0.3663237106251401,71,pdb_1,0.0
17976,72,156,0.35777936670174576,71,pdb_1,1.0
16718,67,153,0.35328867649240797,71,pdb_2,1.0
16719,67,154,0.3518986791556209,71,pdb_2,2.0
17223,69,156,0.3465226577221605,71,pdb_1,1.0
53695,214,233,0.362841616302399,74,noise,5.0990195135927845
53694,214,232,0.34769678265842124,74,noise,5.656854249492381
53446,213,235,0.3449105798326095,74,noise,3.0
5619,23,98,0.36189291410946045,77,pdb_2,0.0
5617,23,96,0.3570146654557133,77,common,0.0
5618,23,97,0.3469757380300798,77,common,0.0
49158,196,214,0.36027219146548894,80,common,2.8284271247461903
48658,194,216,0.34931147900700527,80,noise,4.0
48156,192,216,0.3459133929754846,80,noise,4.0
14879,60,71,0.3548161788491217,82,pdb_1,2.0
14375,58,69,0.344142149264801,82,noise,4.123105625617661
14626,59,69,0.34242317468730543,82,noise,3.1622776601683795
11109,45,66,0.7771914916342975,-1,common,0.0
42104,168,188,0.6567049428868567,-1,common,0.0
41371,165,208,0.5403747977790277,-1,common,0.0
42383,169,216,0.5283541778946697,-1,common,0.0
4804,20,36,0.45946861938461975,-1,pdb_1,0.0
8625,35,92,0.45762286572093513,-1,common,0.0
23982,96,138,0.41740941370762624,-1,common,0.0
41351,165,188,0.4115492252006044,-1,common,0.0
9955,40,167,0.41051432239361685,-1,pdb_1,0.0
6455,26,181,0.3971180975895361,-1,pdb_1,2.0
3285,14,23,0.39207759098441003,-1,noise,4.242640687119285
9368,38,82,0.39088793628875124,-1,common,0.0
6063,25,40,0.3890169503985012,-1,pdb_1,1.0
50162,200,214,0.38756830915883445,-1,noise,3.605551275463989
17469,70,151,0.3855185592240751,-1,pdb_1,0.0
42124,168,208,0.3808815777950182,-1,pdb_2,2.0
23786,95,193,0.37991970503956723,-1,pdb_1,0.0
9626,39,89,0.37972933929368413,-1,common,0.0
6931,28,155,0.3793062191447031,-1,pdb_2,0.0
3812,16,48,0.3735527330508788,-1,pdb_1,0.0
42860,171,191,0.37252664853209755,-1,pdb_1,1.0
19919,80,91,0.37164888936921087,-1,pdb_1,2.23606797749979
7840,32,60,0.37070934069751615,-1,noise,5.385164807134504
14948,60,140,0.36813834670255824,-1,pdb_1,1.0
39348,157,193,0.3661248599311633,-1,common,2.23606797749979
41659,166,245,0.36562914605611413,-1,pdb_1,1.0
31788,127,163,0.36556398073466745,-1,noise,13.038404810405298
46405,185,222,0.3653607168986922,-1,noise,4.47213595499958
9934,40,146,0.3652888543723635,-1,pdb_2,0.0
9192,37,157,0.36474278421641,-1,pdb_1,0.0
46181,184,249,0.36357284402521717,-1,noise,6.082762530298219
10255,41,216,0.3635676763755438,-1,noise,5.0
34577,138,191,0.3629962561082601,-1,noise,17.69180601295413
3497,14,235,0.36228434092024653,-1,noise,21.213203435596427
21079,84,247,0.3614427420040726,-1,noise,54.589376255824725
46680,186,246,0.3604848599486603,-1,noise,5.656854249492381
16679,67,114,0.3601609048932784,-1,noise,5.0990195135927845
33873,135,240,0.3601301889322448,-1,noise,15.297058540778355
5815,24,43,0.35988349221913685,-1,pdb_1,0.0
36802,147,157,0.3587184777888318,-1,pdb_1,2.8284271247461903
47162,188,226,0.3585466462080098,-1,noise,3.1622776601683795
10514,42,224,0.3581767954090117,-1,noise,7.0710678118654755
20511,82,181,0.35720296935103424,-1,noise,15.620499351813308
44659,178,233,0.3571740885128807,-1,noise,5.0
18965,76,141,0.3567761852649568,-1,noise,7.0710678118654755
27346,109,239,0.35638226563583875,-1,noise,41.19465984809196
23749,95,156,0.35636608411733767,-1,noise,7.0
11288,45,245,0.35612634351746675,-1,noise,27.202941017470888
21775,87,190,0.3559084239920671,-1,noise,5.830951894845301
20720,83,139,0.3556661603418972,-1,noise,6.0
10708,43,167,0.35552923980004647,-1,noise,3.0
9590,39,53,0.3554899601937158,-1,noise,4.242640687119285
5886,24,114,0.3551753285236187,-1,common,0.0
36560,146,166,0.3551289495717504,-1,common,1.0
13221,53,170,0.3547474634060774,-1,noise,13.341664064126334
42863,171,194,0.3545129776217276,-1,pdb_1,2.0
4188,17,173,0.35398006860185516,-1,noise,3.605551275463989
21050,84,218,0.35381825991659177,-1,noise,26.248809496813376
11487,46,193,0.35356398232936376,-1,noise,10.04987562112089
14951,60,143,0.35352529165733304,-1,noise,4.0
6568,27,43,0.35336530270894834,-1,noise,3.0
19461,78,135,0.35332021903072613,-1,noise,7.211102550927978
36609,146,215,0.3532361575461872,-1,noise,5.656854249492381
34581,138,195,0.3531287799307023,-1,noise,20.808652046684813
9767,39,230,0.3530870704682732,-1,noise,11.180339887498949
34845,139,208,0.35251889461806063,-1,noise,15.556349186104045
11702,47,157,0.352161539680609,-1,noise,6.708203932499369
30344,121,225,0.3520479373808831,-1,noise,28.160255680657446
5708,23,187,0.3520272804646485,-1,pdb_1,0.0
8432,34,150,0.35200013556140913,-1,pdb_2,1.0
12116,49,69,0.35191795076449456,-1,noise,3.1622776601683795
12265,49,218,0.3518293363540684,-1,noise,12.041594578792296
34795,139,158,0.3511631464241254,-1,noise,6.708203932499369
35329,141,190,0.3509628708421291,-1,noise,15.0
7194,29,167,0.3508665641026243,-1,common,0.0
5193,21,174,0.3508486662517195,-1,pdb_1,2.23606797749979
20932,84,100,0.3505742029881715,-1,pdb_2,2.23606797749979
11942,48,146,0.35013474855375204,-1,pdb_1,1.0
9982,40,194,0.3499589796728095,-1,noise,4.47213595499958
8675,35,142,0.3498202050238709,-1,pdb_2,1.0
32281,129,154,0.3497330883741702,-1,noise,12.041594578792296
7889,32,109,0.34972738152551763,-1,noise,4.123105625617661
38080,152,180,0.34957304506450537,-1,pdb_2,2.8284271247461903
33037,132,157,0.34955552318003663,-1,noise,11.180339887498949
19172,77,97,0.3495220289816268,-1,noise,7.810249675906654
40363,161,204,0.3494123035933095,-1,noise,3.0
29814,119,197,0.34928596717922733,-1,noise,22.360679774997898
29520,118,154,0.3492516000546262,-1,noise,10.770329614269007
3225,13,214,0.3488426044701792,-1,noise,16.76305461424021
7701,31,172,0.34875896033218123,-1,pdb_2,2.8284271247461903
8396,34,114,0.3486444573084467,-1,common,1.0
18559,74,237,0.34863621681218226,-1,noise,41.14608122288197
22231,89,144,0.34862745786339094,-1,noise,5.0
17210,69,143,0.3483290606087797,-1,noise,3.605551275463989
11914,48,118,0.3482977965307609,-1,noise,6.082762530298219
12162,49,115,0.3482662712620594,-1,noise,6.082762530298219
18052,72,232,0.34799639012465533,-1,noise,37.33630940518894
3448,14,186,0.3479389659597722,-1,noise,8.06225774829855
9959,40,171,0.34793311039654173,-1,noise,4.0
22320,89,233,0.34787529631013836,-1,noise,40.11234224026316
7156,29,129,0.34784131131558466,-1,noise,6.324555320336759
17298,69,231,0.34755077598209505,-1,noise,34.17601498127012
30617,122,247,0.34749405204269374,-1,noise,28.0
11408,46,114,0.34705887192452073,-1,noise,3.0
43149,172,229,0.34701122105410886,-1,noise,4.0
30554,122,184,0.3468653789173543,-1,noise,21.540659228538015
24282,97,187,0.3466783393140306,-1,pdb_1,0.0
54448,217,233,0.3466500328472438,-1,noise,6.4031242374328485
37639,150,241,0.3465428959701978,-1,pdb_2,2.0
32792,131,163,0.34631973062852156,-1,noise,13.601470508735444
8902,36,118,0.34630001349793743,-1,pdb_1,2.23606797749979
24285,97,190,0.3462731728899395,-1,pdb_1,0.0
3009,12,249,0.3460388961917585,-1,noise,33.61547262794322
49424,197,229,0.3459974361410928,-1,noise,4.0
35612,142,222,0.3459844457785333,-1,noise,7.0
19683,79,106,0.3458815237602516,-1,pdb_2,0.0
24984,100,136,0.3458725976560865,-1,noise,3.605551275463989
40585,162,175,0.3456634235944708,-1,noise,4.242640687119285
47660,190,222,0.34550910516878675,-1,noise,7.0710678118654755
12880,52,80,0.3454215863177743,-1,noise,9.219544457292887
19222,77,147,0.34536632565171277,-1,noise,6.082762530298219
26238,105,135,0.3451995574270376,-1,noise,5.0
5071,21,52,0.3451584123910681,-1,noise,5.0
35058,140,170,0.3451432541802634,-1,noise,5.0
7921,32,141,0.345000285177047,-1,pdb_2,1.4142135623730951
6452,26,178,0.3449646423805769,-1,noise,5.0
10341,42,51,0.3449483911080116,-1,pdb_1,2.0
3252,13,241,0.34469050223813646,-1,noise,26.40075756488817
3840,16,76,0.3446760794107871,-1,noise,5.0
12917,52,117,0.3445299433752151,-1,noise,5.0990195135927845
41346,165,183,0.34447294599723893,-1,common,0.0
4961,20,193,0.34440042724921544,-1,pdb_2,1.0
20935,84,103,0.3443326611772059,-1,pdb_2,1.0
18779,75,206,0.34429027409855817,-1,noise,21.400934559032695
4099,17,84,0.34418593816838006,-1,noise,10.816653826391969
31756,127,131,0.34416701657157805,-1,common,1.0
12652,51,103,0.3439022115571589,-1,noise,10.63014581273465
4177,17,162,0.3437399721724298,-1,noise,3.1622776601683795
21010,84,178,0.3437087769913505,-1,noise,15.811388300841896
3751,15,238,0.34358224751563904,-1,noise,22.80350850198276
36076,144,184,0.343544663408147,-1,noise,8.48528137423857
21018,84,186,0.34342477719181735,-1,noise,10.63014581273465
19782,79,205,0.3431415765274575,-1,noise,17.69180601295413
18685,75,112,0.34311854056243346,-1,noise,5.0
26551,106,197,0.34311256429751213,-1,noise,9.848857801796104
17989,72,169,0.3430422021646716,-1,noise,6.082762530298219
7878,32,98,0.34299885684148573,-1,noise,3.1622776601683795
16922,68,106,0.34298616454333,-1,noise,4.0
16169,65,106,0.3429685277383444,-1,pdb_2,1.0
38879,155,226,0.34282570671173374,-1,noise,3.0
29762,119,145,0.34271662348830106,-1,noise,5.830951894845301
33282,133,151,0.3426381675742548,-1,noise,7.0710678118654755
45150,180,222,0.3426299894395582,-1,common,1.0
13044,52,244,0.34261924896408885,-1,noise,29.154759474226502
17687,71,118,0.3425943730644803,-1,noise,7.211102550927978
5330,22,60,0.34253728491854335,-1,noise,8.48528137423857
17065,68,249,0.34243700859911747,-1,noise,43.139309220245984
37117,148,221,0.34240655295247985,-1,pdb_2,1.0
