,i,j,Fold
0,109,129,2z9o.pdb
1,59,110,2z9o.pdb
2,75,106,2z9o.pdb
3,90,97,2z9o.pdb
4,110,130,2z9o.pdb
5,88,109,2z9o.pdb
6,79,106,2z9o.pdb
7,107,122,2z9o.pdb
8,98,119,2z9o.pdb
9,108,121,2z9o.pdb
10,113,117,2z9o.pdb
11,116,134,2z9o.pdb
12,101,124,2z9o.pdb
13,114,118,2z9o.pdb
14,86,111,2z9o.pdb
15,112,130,2z9o.pdb
16,106,123,2z9o.pdb
17,83,103,2z9o.pdb
18,97,120,2z9o.pdb
19,109,122,2z9o.pdb
20,111,119,2z9o.pdb
21,92,115,2z9o.pdb
22,115,135,2z9o.pdb
23,59,112,2z9o.pdb
24,88,93,2z9o.pdb
25,93,116,2z9o.pdb
26,88,111,2z9o.pdb
27,87,91,2z9o.pdb
28,107,124,2z9o.pdb
29,187,233,2z9o.pdb
30,108,123,2z9o.pdb
31,99,120,2z9o.pdb
32,101,117,2z9o.pdb
33,116,136,2z9o.pdb
34,103,120,2z9o.pdb
35,95,116,2z9o.pdb
36,113,131,2z9o.pdb
37,89,109,2z9o.pdb
38,80,106,2z9o.pdb
39,97,122,2z9o.pdb
40,106,125,2z9o.pdb
41,109,124,2z9o.pdb
42,110,116,2z9o.pdb
43,102,121,2z9o.pdb
44,93,118,2z9o.pdb
45,96,117,2z9o.pdb
46,105,120,2z9o.pdb
47,107,126,2z9o.pdb
48,82,106,2z9o.pdb
49,99,122,2z9o.pdb
50,101,119,2z9o.pdb
51,108,125,2z9o.pdb
52,112,116,2z9o.pdb
53,89,93,2z9o.pdb
54,84,109,2z9o.pdb
55,103,122,2z9o.pdb
56,87,105,2z9o.pdb
57,57,134,2z9o.pdb
58,95,118,2z9o.pdb
59,104,121,2z9o.pdb
60,109,117,2z9o.pdb
61,113,133,2z9o.pdb
62,89,111,2z9o.pdb
63,106,127,2z9o.pdb
64,110,118,2z9o.pdb
65,91,114,2z9o.pdb
66,90,94,2z9o.pdb
67,110,127,2z9o.pdb
68,117,133,2z9o.pdb
69,102,123,2z9o.pdb
70,105,122,2z9o.pdb
71,96,119,2z9o.pdb
72,59,134,2z9o.pdb
73,94,119,2z9o.pdb
74,107,119,2z9o.pdb
75,90,112,2z9o.pdb
76,108,118,2z9o.pdb
77,116,131,2z9o.pdb
78,108,127,2z9o.pdb
79,99,124,2z9o.pdb
80,112,118,2z9o.pdb
81,129,134,2z9o.pdb
82,98,128,2z9o.pdb
83,86,108,2z9o.pdb
84,103,124,2z9o.pdb
85,87,107,2z9o.pdb
86,104,123,2z9o.pdb
87,95,120,2z9o.pdb
88,106,120,2z9o.pdb
89,113,135,2z9o.pdb
90,89,113,2z9o.pdb
91,115,132,2z9o.pdb
92,110,120,2z9o.pdb
93,117,135,2z9o.pdb
94,93,113,2z9o.pdb
95,110,129,2z9o.pdb
96,85,109,2z9o.pdb
97,76,106,2z9o.pdb
98,79,105,2z9o.pdb
99,102,125,2z9o.pdb
100,109,120,2z9o.pdb
101,108,120,2z9o.pdb
102,111,128,2z9o.pdb
103,98,121,2z9o.pdb
104,112,120,2z9o.pdb
105,113,119,2z9o.pdb
106,98,130,2z9o.pdb
107,86,110,2z9o.pdb
108,103,126,2z9o.pdb
109,87,109,2z9o.pdb
110,101,126,2z9o.pdb
111,104,125,2z9o.pdb
112,97,119,2z9o.pdb
113,106,122,2z9o.pdb
114,112,129,2z9o.pdb
115,115,134,2z9o.pdb
116,85,93,2z9o.pdb
117,130,135,2z9o.pdb
118,110,122,2z9o.pdb
119,83,105,2z9o.pdb
120,100,121,2z9o.pdb
121,91,118,2z9o.pdb
122,93,115,2z9o.pdb
123,92,117,2z9o.pdb
124,111,121,2z9o.pdb
125,111,130,2z9o.pdb
126,119,134,2z9o.pdb
127,108,122,2z9o.pdb
128,38,109,2z9o.pdb
129,87,93,2z9o.pdb
130,84,106,2z9o.pdb
131,98,123,2z9o.pdb
132,118,135,2z9o.pdb
133,87,111,2z9o.pdb
134,101,128,2z9o.pdb
135,80,105,2z9o.pdb
136,106,124,2z9o.pdb
137,113,130,2z9o.pdb
138,91,111,2z9o.pdb
139,83,107,2z9o.pdb
140,100,123,2z9o.pdb
141,102,120,2z9o.pdb
142,93,117,2z9o.pdb
143,109,126,2z9o.pdb
144,94,116,2z9o.pdb
145,87,95,2z9o.pdb
146,81,109,2z9o.pdb
147,101,121,2z9o.pdb
148,104,120,2z9o.pdb
149,95,117,2z9o.pdb
150,113,132,2z9o.pdb
151,91,95,2z9o.pdb
152,110,117,2z9o.pdb
153,109,119,2z9o.pdb
154,111,116,2z9o.pdb
155,91,113,2z9o.pdb
156,117,132,2z9o.pdb
157,92,112,2z9o.pdb
158,83,109,2z9o.pdb
159,100,125,2z9o.pdb
160,102,122,2z9o.pdb
161,93,119,2z9o.pdb
162,109,128,2z9o.pdb
163,94,118,2z9o.pdb
164,110,126,2z9o.pdb
165,60,134,2z9o.pdb
166,96,121,2z9o.pdb
167,98,118,2z9o.pdb
168,107,121,2z9o.pdb
169,87,97,2z9o.pdb
170,90,114,2z9o.pdb
171,112,117,2z9o.pdb
172,116,133,2z9o.pdb
173,101,123,2z9o.pdb
174,104,122,2z9o.pdb
175,110,119,2z9o.pdb
176,83,102,2z9o.pdb
177,109,121,2z9o.pdb
178,91,115,2z9o.pdb
179,111,118,2z9o.pdb
180,92,114,2z9o.pdb
181,117,134,2z9o.pdb
182,111,127,2z9o.pdb
183,102,124,2z9o.pdb
184,128,134,2z9o.pdb
185,171,233,2z9o.pdb
186,107,123,2z9o.pdb
187,98,120,2z9o.pdb
188,112,119,2z9o.pdb
189,113,118,2z9o.pdb
190,116,135,2z9o.pdb
191,118,132,2z9o.pdb
192,130,134,2z9o.pdb
193,62,109,2z9o.pdb
194,64,106,2z9o.pdb
195,101,125,2z9o.pdb
196,104,124,2z9o.pdb
197,110,121,2z9o.pdb
198,83,104,2z9o.pdb
199,97,121,2z9o.pdb
200,100,120,2z9o.pdb
201,93,114,2z9o.pdb
202,92,116,2z9o.pdb
203,109,123,2z9o.pdb
204,111,120,2z9o.pdb
205,102,126,2z9o.pdb
206,111,129,2z9o.pdb
207,96,116,2z9o.pdb
208,86,93,2z9o.pdb
209,79,109,2z9o.pdb
210,81,106,2z9o.pdb
211,84,105,2z9o.pdb
212,90,109,2z9o.pdb
213,98,122,2z9o.pdb
214,99,121,2z9o.pdb
215,101,118,2z9o.pdb
216,108,124,2z9o.pdb
217,118,134,2z9o.pdb
218,101,127,2z9o.pdb
219,113,129,2z9o.pdb
220,172,233,2z9o.pdb
221,103,121,2z9o.pdb
222,106,126,2z9o.pdb
223,83,106,2z9o.pdb
224,100,122,2z9o.pdb
225,117,138,2z9o.pdb
226,92,118,2z9o.pdb
227,94,115,2z9o.pdb
228,111,131,2z9o.pdb
229,58,134,2z9o.pdb
230,96,118,2z9o.pdb
231,90,111,2z9o.pdb
232,107,127,2z9o.pdb
233,108,126,2z9o.pdb
234,99,123,2z9o.pdb
235,101,120,2z9o.pdb
236,116,130,2z9o.pdb
237,86,107,2z9o.pdb
238,103,123,2z9o.pdb
239,95,119,2z9o.pdb
240,109,118,2z9o.pdb
241,111,115,2z9o.pdb
242,91,112,2z9o.pdb
243,89,112,2z9o.pdb
244,80,109,2z9o.pdb
245,83,108,2z9o.pdb
246,92,111,2z9o.pdb
247,100,124,2z9o.pdb
248,109,127,2z9o.pdb
249,114,132,2z9o.pdb
250,94,117,2z9o.pdb
251,90,95,2z9o.pdb
252,110,128,2z9o.pdb
253,105,123,2z9o.pdb
254,96,120,2z9o.pdb
255,98,117,2z9o.pdb
256,107,120,2z9o.pdb
257,108,119,2z9o.pdb
258,90,113,2z9o.pdb
259,98,126,2z9o.pdb
260,82,109,2z9o.pdb
261,108,128,2z9o.pdb
262,101,122,2z9o.pdb
263,116,132,2z9o.pdb
264,86,109,2z9o.pdb
265,103,125,2z9o.pdb
266,112,128,2z9o.pdb
267,106,121,2z9o.pdb
268,97,118,2z9o.pdb
269,111,117,2z9o.pdb
270,115,133,2z9o.pdb
271,92,113,2z9o.pdb
